#{"t_start": 1656394410.590033, "env_id": "IK-Gazebo-v0"}
r,l,t
-1.096195,100,6.645201
-1.015339,100,10.444201
-1.48318,100,14.558001
-1.121336,100,18.635081
-1.480785,100,22.878564
-0.880174,100,27.58379
-1.212514,100,31.684506
-0.950713,100,35.9876
-0.914093,100,40.24986
-1.200014,100,44.461709
-1.114298,100,48.398781
-0.950223,100,52.591052
0.630589,60,55.178534
-1.238536,100,59.41993
1.196457,5,59.629059
0.609475,60,62.337619
-1.024476,100,66.530941
-0.957102,100,70.528532
-1.207365,100,74.606958
-1.290784,100,78.836143
-0.972706,100,82.855298
-1.012127,100,86.85883
-1.22111,100,90.994193
-0.902561,100,95.04937
-1.290576,100,99.071664
-1.297858,100,103.126172
-1.315071,100,107.415894
-1.145885,100,111.519822
-1.297246,100,115.688166
-1.368508,100,119.635738
-1.370482,100,123.609318
-1.006704,100,127.838415
-0.932902,100,132.025236
-1.273948,100,136.391218
-1.284017,100,140.450692
-1.098903,100,144.523474
-1.447434,100,148.771797
0.574403,73,151.682608
-0.89179,100,155.547601
-1.161227,100,159.784071
-1.069149,100,163.917494
-0.869377,100,167.938879
-1.298514,100,171.993865
-1.141668,100,176.147224
-0.830006,100,180.122703
-1.016537,100,184.041373
0.897271,33,185.300031
-1.243536,100,189.117106
-1.228013,100,193.040835
-1.027423,100,196.975521
-1.138609,100,200.994468
-1.127084,100,205.184995
-0.929879,100,209.201888
-0.864381,100,213.068648
-0.978219,100,216.939122
1.040074,21,217.706157
-0.8316,100,221.662576
-1.221883,100,225.56782
0.343192,84,229.053072
1.11365,15,229.747056
-0.99725,100,233.927691
-1.333732,100,238.03393
-1.159405,100,242.046287
-1.325303,100,246.194134
-1.122519,100,250.055227
-1.310552,100,253.970792
-1.494545,100,258.062454
0.494267,68,260.772936
-1.055896,100,264.679972
-0.961823,100,268.632026
-1.077119,100,272.388463
-1.157989,100,276.467481
-1.435945,100,280.520881
0.879529,38,281.959865
-0.841547,100,286.14584
0.838436,39,287.699762
-1.070806,100,291.564194
-0.981953,100,295.583647
-1.008861,100,299.614326
-1.051724,100,303.576335
-0.972701,100,308.020783
-1.214009,100,312.100698
-1.114782,100,315.925305
-1.029449,100,319.835588
-0.831644,100,323.747315
-0.952173,100,327.70963
-0.992311,100,332.151978
-0.968853,100,336.226796
-1.497569,100,340.089673
-1.07928,100,344.076558
-0.901709,100,347.798164
-0.905151,100,351.618634
0.812811,36,353.036646
-0.915731,100,357.052478
-1.111456,100,360.974177
-1.164609,100,364.768218
-0.968345,100,368.698398
1.058181,21,369.521479
0.53093,69,372.442956
-0.939209,100,376.32162
0.429986,78,379.385113
-1.137277,100,383.557899
-1.466719,100,387.415336
-1.414562,100,391.232564
-1.30758,100,395.106858
-1.118935,100,398.917779
-1.153291,100,402.832121
-1.445737,100,407.179904
-1.072697,100,411.346361
-0.981574,100,415.270535
-1.517164,100,419.09207
1.156033,2,419.192872
-1.160828,100,423.102084
-1.001017,100,426.9164
1.087518,7,427.230136
-1.231286,100,431.218541
-1.270926,100,434.991718
-1.23621,100,438.806892
-0.990023,100,443.000619
-1.112642,100,446.871869
1.024139,22,447.734553
0.865362,42,449.404358
0.833185,44,451.139522
0.941901,33,452.406982
-1.24292,100,456.202617
-1.081381,100,460.075654
1.172146,5,460.258256
-1.402934,100,464.106802
-1.058358,100,467.96758
-1.049692,100,471.831552
0.860197,44,473.663947
-1.126594,100,477.552421
0.382287,83,480.828909
-0.995169,100,484.750438
-0.781073,100,488.598969
1.176488,20,489.380938
1.160334,10,489.852036
-0.900514,100,493.952202
1.02829,19,494.691836
0.579235,66,497.245347
0.401204,89,500.559396
-1.126097,100,504.532197
0.860934,45,506.29368
0.770439,55,508.556037
-0.891555,100,512.589962
-1.194465,100,516.484269
-2.102801,100,520.597811
-1.257105,100,524.601069
1.068872,20,525.484576
0.60427,63,527.862503
-1.444588,100,531.712486
-1.38968,100,536.092382
-1.233389,100,539.952353
0.58303,68,542.639049
-1.080051,100,546.435147
-0.941035,100,550.757798
-1.140764,100,555.211545
0.716388,58,557.717628
-1.069575,100,561.768607
-1.275514,100,565.689524
0.948598,35,567.450788
0.814495,45,569.71556
-0.949281,100,574.798158
-0.96863,100,578.846995
-0.916434,100,583.1655
1.224637,3,583.289253
-0.792261,100,587.123032
0.858202,45,589.100176
0.807391,39,590.597139
-0.990504,100,595.155826
-0.84714,100,599.187045
-1.026464,100,602.854007
0.788724,51,604.864467
-0.908967,100,608.94294
0.96009,29,610.295163
1.178583,6,610.562266
-0.937413,100,614.908182
1.137791,10,615.419614
-1.039432,100,619.467496
0.987568,24,620.559144
-1.001918,100,624.585893
-1.06729,100,628.376597
-1.121521,100,632.657154
0.709474,57,635.166088
-0.887922,100,639.122376
-1.083933,100,643.293948
-0.919501,100,647.78406
1.004758,33,649.143115
-0.929799,100,653.246001
1.082699,15,653.873186
-0.939135,100,657.914701
-0.99633,100,662.457903
-0.939244,100,667.058496
1.176354,6,667.353441
-1.229033,100,671.375394
-1.00407,100,675.226503
-1.271042,100,679.068847
-1.394748,100,683.530476
-1.44982,100,687.814365
-1.047035,100,692.154383
0.577867,70,695.045409
-1.581324,100,698.953678
-0.994231,100,703.073179
0.996717,24,703.944899
-1.356768,100,708.499016
-1.298553,100,713.384007
0.851522,42,714.992494
0.608685,66,717.810043
-1.446426,100,721.855577
-1.097666,100,726.404655
0.815603,47,728.364881
1.233167,7,728.651836
0.759503,53,730.825832
-1.170283,100,734.504782
-1.057007,100,738.610148
-0.74766,100,742.827277
-1.034546,100,746.704658
0.758216,57,748.877793
-1.043315,100,752.816711
1.292404,7,753.078759
0.947972,40,754.679809
1.026651,23,755.570889
1.051598,25,756.621011
-0.905156,100,760.165699
0.460648,85,763.492296
1.187934,17,764.162892
0.944428,33,765.3955
1.161052,12,765.878948
1.135916,6,766.131842
-1.328366,100,770.110844
-1.189152,100,773.847398
1.293417,1,773.893428
0.978977,20,774.672371
1.271827,3,774.778636
-1.08474,100,778.481489
-0.932311,100,782.768059
-1.069964,100,788.03457
-1.223529,100,792.964858
-1.608202,100,798.310596
-0.719847,100,802.641596
-1.062769,100,806.984146
-1.214248,100,810.920669
1.08507,10,811.296909
0.494097,87,814.496654
1.124217,18,815.168263
-0.902121,100,818.901396
0.718234,46,820.539741
0.907853,39,821.966235
0.465739,86,825.011937
-1.023847,100,828.629494
-0.817086,100,832.385565
1.210774,8,832.738911
1.164357,20,833.591104
0.870366,43,835.349397
1.095843,18,836.137105
1.123597,2,836.241588
0.73893,52,838.160526
0.506598,75,841.107039
0.838375,43,842.76101
0.465337,71,845.307373
-0.955308,100,849.067918
1.010116,30,850.204697
-0.84419,100,854.157278
1.260917,6,854.393387
-1.173035,100,857.957452
0.759917,46,859.578162
-0.7241,100,863.370226
0.96929,29,864.44367
1.260677,8,864.775592
-0.971581,100,868.359039
1.270287,6,868.577753
1.053875,20,869.31935
0.411528,85,872.38644
0.97569,28,873.43026
1.135206,10,873.909755
1.032148,23,874.869171
1.005172,23,875.741471
1.061483,17,876.359998
0.921254,39,877.795382
-0.886581,100,881.524927
1.169406,3,881.66631
0.848548,40,883.152554
0.669603,64,885.666901
0.681421,56,887.693518
-1.075268,100,891.264666
1.232705,3,891.407249
0.80242,39,892.812533
-0.936857,100,896.497753
-0.773018,100,900.07885
-0.935839,100,903.721584
1.260821,10,904.081355
-0.966464,100,907.623201
0.541974,66,910.165991
-1.082474,100,913.65062
1.118633,16,914.239691
0.985723,31,915.368959
1.262471,9,915.797375
0.894945,39,917.274268
0.346886,86,920.21858
0.996988,23,921.015767
0.686163,48,922.709546
1.088994,18,923.331986
1.029056,11,923.739495
-0.899106,100,927.190892
1.116881,11,927.620414
-0.98552,100,931.078963
0.650556,59,933.305205
-0.907189,100,937.151679
-0.891785,100,941.467973
1.254426,1,941.533077
0.886526,45,943.344198
0.978721,18,944.111486
1.173365,13,944.583264
0.731244,45,946.290714
0.774606,52,948.167992
0.820297,39,949.648804
1.132762,9,949.980675
1.135301,17,950.605596
1.080982,14,951.098514
1.234081,6,951.357344
0.718737,56,953.410426
0.842239,39,955.436028
1.134531,8,955.782355
1.109194,14,956.362841
0.29633,90,960.321607
1.10393,16,960.95364
1.140562,4,961.113932
0.998113,20,961.826197
0.722879,51,963.614325
-0.95706,100,967.441069
1.192083,8,967.816304
-0.814686,100,971.342557
-0.922648,100,974.873173
0.861802,32,976.007076
1.144715,7,976.27851
0.978617,29,977.348376
1.137558,10,977.732131
1.133778,6,978.001521
0.945935,32,979.177057
1.082506,16,979.833038
0.952752,28,980.794921
0.614421,60,982.991541
1.21642,8,983.302645
0.610659,59,985.492222
1.269552,9,985.853529
0.95724,30,986.906829
0.915504,35,988.169761
0.792937,41,989.603954
1.002717,22,990.394358
1.232763,10,990.766917
1.169156,8,991.050662
1.178596,7,991.321508
1.071704,18,991.972903
1.191324,12,992.38828
0.730574,49,994.263551
0.920765,36,995.49092
1.160392,13,996.001811
0.941231,28,997.007995
1.097794,12,997.514624
1.206176,14,998.029142
1.231966,7,998.296017
0.806109,34,999.497461
1.042444,18,1000.158666
1.163106,17,1000.763898
0.792946,45,1002.382456
1.191982,5,1002.585875
1.208256,6,1002.830517
0.849964,37,1004.311238
1.164854,6,1004.533176
0.915867,39,1006.048921
0.748738,48,1007.931635
1.101061,18,1008.646234
0.386152,78,1011.569832
0.946054,34,1012.769242
0.773584,39,1014.367231
1.022377,17,1015.013031
1.231478,5,1015.231772
1.004792,24,1016.164348
0.817107,51,1018.189429
1.13024,5,1018.394188
1.156425,3,1018.528111
1.119994,14,1019.051214
1.072836,12,1019.54028
1.138078,9,1019.90086
1.196128,12,1020.410185
1.114993,20,1021.211333
1.011439,28,1022.195517
1.074261,29,1023.26174
0.618233,65,1025.588936
1.098141,12,1026.032446
1.069462,17,1026.658272
1.10145,19,1027.345261
0.793526,38,1028.736735
1.122371,17,1029.342371
1.218153,11,1029.738683
0.943261,29,1030.775186
1.106909,12,1031.213196
1.095875,22,1031.981458
1.143035,13,1032.518945
0.439173,79,1035.361234
-0.756558,100,1038.931131
1.178576,6,1039.182169
1.213982,8,1039.556679
1.036359,24,1040.586716
1.175742,14,1041.189868
1.229872,9,1041.555784
1.053481,25,1042.51932
0.847808,32,1043.725334
1.085745,19,1044.565814
1.013686,21,1045.479677
1.236029,2,1045.572888
1.126943,3,1045.707355
0.928401,29,1046.915901
1.193121,9,1047.279571
1.182553,10,1047.671292
1.179914,6,1047.91627
1.144787,14,1048.48082
1.155771,4,1048.662721
0.868938,39,1050.184561
1.154699,10,1050.578791
1.146605,11,1050.997742
0.879923,32,1052.286484
1.113972,17,1052.890128
0.769569,42,1054.359633
1.214874,6,1054.623101
1.174925,10,1055.071139
0.35039,97,1058.562354
1.169245,7,1058.816453
1.221026,8,1059.156607
0.997324,30,1060.37601
1.164927,10,1060.824884
1.177049,8,1061.175561
1.192243,9,1061.623867
1.252968,1,1061.667792
0.380198,84,1064.802406
0.963563,25,1065.794044
0.592674,67,1068.246682
1.101582,18,1068.907566
0.880288,33,1070.073195
1.190238,6,1070.315158
1.292621,3,1070.432112
1.081221,13,1070.938492
0.350173,79,1073.762113
0.990964,20,1074.559178
1.145764,17,1075.212821
0.788171,44,1076.813059
1.17004,11,1077.311377
0.498061,73,1080.003069
1.31567,4,1080.17884
1.142656,8,1080.49191
1.103548,17,1081.11925
1.097672,18,1081.785278
1.220168,9,1082.134091
0.894181,40,1083.576013
1.009329,25,1084.579487
0.552602,65,1087.053346
0.716799,53,1089.00757
1.198592,15,1089.572417
1.037588,18,1090.295317
1.02513,31,1091.472829
0.969571,22,1092.297841
0.661233,58,1094.384304
1.263201,5,1094.609253
1.208119,9,1094.939797
0.583662,59,1097.091585
0.929464,32,1098.243883
1.161697,16,1098.807655
1.018914,21,1099.554809
1.217774,11,1099.982028
0.780957,41,1101.46002
0.613608,69,1103.965262
1.092265,14,1104.491938
1.126195,6,1104.726025
0.992733,19,1105.410753
1.18367,7,1105.72212
1.179441,8,1106.037923
0.553431,67,1108.406576
0.82589,34,1109.743116
1.104804,13,1110.194974
1.134502,9,1110.533755
0.947095,36,1111.799262
1.024961,19,1112.469379
1.163534,8,1112.817324
1.021255,26,1113.924332
1.026228,18,1114.631709
1.255287,11,1115.070673
1.081871,17,1115.778373
1.24982,3,1115.90755
0.667655,59,1118.247693
1.146219,3,1118.389005
1.067963,14,1118.914831
1.043715,12,1119.3548
1.181489,10,1119.796644
-0.841668,100,1123.357751
1.134742,13,1123.845174
1.075684,10,1124.206582
1.169509,12,1124.714465
1.083146,17,1125.381894
-0.833794,100,1129.190915
0.640839,59,1131.319742
1.200133,8,1131.62762
0.942521,40,1133.057856
1.13964,5,1133.272201
1.014315,30,1134.368473
1.150411,10,1134.818856
1.232899,8,1135.113078
-0.985268,100,1138.760137
0.937599,32,1139.958597
1.013158,19,1140.660216
1.096773,11,1141.071049
1.229787,9,1141.395793
1.157048,4,1141.561179
1.215207,12,1142.063465
0.832369,50,1144.355303
1.172382,14,1144.901593
1.117298,21,1145.690716
1.144987,18,1146.408355
1.169921,8,1146.732762
1.182932,12,1147.164226
0.797339,41,1148.668998
1.233755,4,1148.851883
0.257517,99,1152.322299
1.010985,26,1153.230072
0.691992,46,1154.847198
1.110622,22,1155.651009
1.070974,14,1156.191705
0.828804,48,1157.877724
1.233913,13,1158.335057
1.150896,10,1158.715864
1.158645,15,1159.423023
0.981605,25,1160.325897
1.071779,18,1161.00248
1.106132,14,1161.494563
1.107777,17,1162.108358
1.225762,7,1162.377988
1.14804,3,1162.503892
1.159732,1,1162.559309
1.177354,6,1162.791759
1.06006,17,1163.489121
0.605562,57,1166.102024
1.119592,10,1166.559986
1.002204,24,1167.443638
1.170045,4,1167.633904
1.246723,1,1167.69326
1.256059,9,1168.062481
1.176469,5,1168.253752
1.207113,8,1168.654618
0.844242,35,1170.000914
0.888857,28,1171.015614
0.915164,34,1172.246242
0.995176,20,1172.997438
0.233549,95,1176.366819
0.809182,35,1177.587164
0.935525,23,1178.46097
-0.898448,100,1181.954133
0.965648,19,1182.617999
1.115266,2,1182.708778
0.834018,40,1184.145048
1.066163,14,1184.655618
1.145262,8,1184.958859
0.96752,25,1185.944562
1.107648,22,1186.742162
1.040318,15,1187.313746
0.980489,25,1188.263306
0.872754,32,1189.401191
0.996344,22,1190.162997
0.896515,30,1191.286024
1.026111,16,1191.967236
1.163745,14,1192.491975
1.106024,17,1193.11144
1.22846,6,1193.359292
1.181181,9,1193.735899
1.010449,26,1194.707055
0.74033,49,1196.438604
1.083931,14,1196.964678
1.178023,6,1197.206886
0.862487,39,1198.685622
1.070656,14,1199.227
1.176361,5,1199.422768
1.220423,1,1199.47041
0.156155,99,1203.159654
1.121561,17,1203.990591
1.227172,5,1204.198992
0.817526,42,1205.824556
0.851211,44,1207.370963
1.209959,7,1207.651727
0.679489,51,1209.472663
0.842493,37,1210.816262
1.155781,2,1210.903404
0.943083,24,1211.803455
0.341519,93,1215.029398
1.041641,27,1215.981016
0.592813,62,1218.226569
1.18258,10,1218.639191
1.09488,12,1219.077768
1.202188,10,1219.475689
0.932221,31,1220.563711
1.213548,5,1220.790005
1.119096,10,1221.161345
1.252706,5,1221.382545
1.18037,9,1221.806681
1.126756,4,1221.960005
1.070653,18,1222.604875
1.188333,5,1222.856558
0.630703,53,1224.750978
1.21092,5,1224.958909
1.191544,13,1225.445499
1.316037,2,1225.533802
-0.744203,100,1229.145032
1.174078,4,1229.325014
1.140199,10,1229.733421
1.267461,8,1230.128094
0.497851,73,1232.730878
0.559776,64,1234.983352
0.896655,29,1236.077032
1.08547,13,1236.559589
1.188791,15,1237.179195
1.106097,22,1238.045913
1.050612,12,1238.474636
1.194203,5,1238.725525
1.143855,10,1239.107742
0.749319,59,1241.316646
1.178662,11,1241.711833
1.128952,18,1242.41512
1.195727,7,1242.747387
1.114805,8,1243.126386
1.225002,8,1243.537817
1.031359,15,1244.121165
0.927384,40,1245.742941
1.020438,21,1246.51609
1.125807,20,1247.356015
1.258839,7,1247.63152
1.22115,9,1248.005315
1.109685,12,1248.507513
1.184707,3,1248.631862
1.199141,7,1248.911801
1.215556,4,1249.064898
0.72611,61,1251.218825
1.012671,26,1252.203345
0.702115,58,1254.349876
1.136957,15,1254.907315
0.968838,20,1255.61798
1.182752,5,1255.83077
0.624608,59,1258.10491
1.175315,17,1258.73302
1.11048,14,1259.251149
1.277398,8,1259.618758
1.266949,3,1259.729646
1.015017,19,1260.459491
1.242107,7,1260.785634
1.200752,1,1260.832417
1.147319,18,1261.520368
0.993318,21,1262.314889
0.75452,45,1263.934025
1.190141,2,1264.009222
1.205429,5,1264.207883
0.759111,45,1265.840033
1.264124,6,1266.120223
1.099357,21,1266.952106
1.016838,22,1267.789918
1.181896,14,1268.386103
1.177199,6,1268.627595
0.971381,31,1269.722116
1.122355,22,1270.469927
1.029127,19,1271.174198
1.18565,3,1271.296506
1.204269,10,1271.702406
1.165161,9,1272.041342
1.16574,16,1272.625917
1.139759,16,1273.222958
0.772926,39,1274.574358
1.235196,10,1274.93789
1.043569,15,1275.550525
1.228113,10,1275.905206
1.008461,18,1276.579745
1.183342,5,1276.782719
0.967403,28,1277.778286
0.861759,31,1278.894503
1.21617,9,1279.26321
1.197688,5,1279.463462
0.871825,30,1280.549039
1.199672,6,1280.834393
1.169674,3,1280.953549
1.243107,5,1281.159079
1.115416,16,1281.727189
1.125785,16,1282.325241
0.92668,22,1283.157687
0.886652,30,1284.444308
-0.894527,100,1288.152668
1.16042,9,1288.489928
0.94379,28,1289.496136
0.976833,28,1290.52276
1.169576,5,1290.723317
1.11847,6,1291.022323
1.256002,1,1291.069843
0.841198,41,1292.537185
1.189542,11,1292.94204
0.863224,38,1294.330381
1.222553,12,1294.80446
0.996961,19,1295.48515
0.984263,19,1296.253138
1.17133,2,1296.33887
1.024054,13,1296.866876
1.129095,11,1297.33657
1.191009,13,1297.902058
1.159663,13,1298.422833
0.699093,52,1300.488476
0.875101,29,1301.597654
-0.894462,100,1305.247731
1.137751,2,1305.346786
0.897158,25,1306.301009
0.98841,23,1307.159333
-0.918985,100,1310.793708
1.174668,3,1310.937429
1.16166,5,1311.145654
1.215737,7,1311.437297
1.175615,14,1312.01128
1.066441,19,1312.741634
0.914177,32,1313.873879
1.149491,9,1314.275232
1.189923,4,1314.484824
1.19582,4,1314.719849
1.175619,4,1314.959676
1.185945,5,1315.208037
1.188323,5,1315.453414
1.187323,12,1316.020592
1.158656,3,1316.164679
1.171036,11,1316.593536
1.148087,5,1316.815896
1.177088,6,1317.08057
1.162706,10,1317.478488
1.148295,8,1317.787128
1.187812,6,1318.097407
1.191478,5,1318.377555
1.186128,6,1318.629153
1.096041,17,1319.288428
0.340736,91,1322.559964
1.153087,13,1323.00021
1.076468,14,1323.486595
1.22861,10,1323.921796
1.129828,6,1324.154006
1.258691,8,1324.479245
0.988821,24,1325.322938
1.204072,3,1325.446577
1.014783,30,1326.528826
1.206569,10,1326.909486
0.64426,60,1329.075297
0.694499,50,1330.843395
1.274728,5,1331.058758
0.561195,63,1333.285676
1.106292,25,1334.341782
0.941391,24,1335.178841
1.15969,18,1335.827482
1.167173,2,1335.915426
1.104716,16,1336.520234
0.815828,37,1337.799607
1.038414,15,1338.336794
0.903487,39,1339.697166
1.146508,10,1340.076321
1.171242,8,1340.387486
0.801804,43,1341.974454
1.016549,22,1342.78965
0.596688,66,1345.161476
1.20936,9,1345.496138
1.168426,4,1345.658642
1.264263,4,1345.809072
1.153238,14,1346.318752
1.107326,10,1346.680194
0.885766,32,1347.802782
1.067865,16,1348.375317
1.151747,16,1348.966415
0.817101,54,1350.931015
0.776896,48,1352.73413
1.155383,8,1353.05505
0.382533,88,1356.345218
1.01759,16,1356.936032
1.202086,9,1357.324864
1.060423,14,1357.902653
0.75303,49,1359.667401
1.118532,10,1360.050223
1.01995,17,1360.685902
0.511898,69,1363.157768
0.835569,50,1364.986893
1.134995,13,1365.453862
0.834275,32,1366.727781
1.217915,9,1367.081023
1.133733,10,1367.448618
1.147782,10,1367.857306
1.162765,18,1368.548502
1.22498,11,1368.944791
1.261188,9,1369.301283
0.896042,31,1370.434162
0.917409,40,1372.041847
1.175681,18,1372.792287
0.866483,40,1374.226376
1.210866,5,1374.533634
1.15661,11,1374.929788
0.930082,21,1375.741926
1.126814,12,1376.234473
0.30467,92,1379.715722
1.035057,17,1380.401336
1.134532,3,1380.539879
1.143593,4,1380.726314
1.113784,18,1381.410853
0.995061,18,1382.123159
-0.749364,100,1385.777713
1.241091,4,1385.927295
1.200343,8,1386.235724
0.955805,27,1387.288489
1.010484,20,1388.043981
0.936248,32,1389.204438
1.172946,6,1389.426769
0.891039,33,1390.625107
0.864074,34,1391.869923
1.095847,18,1392.565459
1.14651,3,1392.698677
0.875793,34,1393.985591
1.134972,12,1394.439241
1.144206,8,1394.737018
1.214129,6,1395.021275
0.82481,50,1396.829716
0.631172,55,1398.922621
1.067803,16,1399.51396
0.98631,20,1400.257032
0.834057,45,1401.910096
0.894024,33,1403.135106
0.873885,35,1404.473749
1.060227,14,1404.983314
1.071271,17,1405.643084
0.967215,23,1406.585383
0.931785,30,1407.66316
1.214359,7,1407.934301
0.8526,40,1409.730382
1.208499,13,1410.250557
1.226516,8,1410.640001
1.185574,8,1410.975076
1.187831,4,1411.162966
1.194617,11,1411.609945
1.075703,12,1412.133659
0.987896,27,1413.124538
1.199583,13,1413.741366
1.103548,5,1413.930559
1.209114,9,1414.255161
0.892224,25,1415.178342
1.253873,6,1415.469897
1.220313,9,1415.845562
1.227669,8,1416.146478
0.835077,39,1417.619385
1.146118,10,1418.032882
1.130426,10,1418.416232
1.20062,12,1418.908387
1.240648,8,1419.343918
0.510721,69,1421.723273
1.148258,13,1422.238078
1.148584,5,1422.436646
1.183579,15,1423.014905
1.141964,13,1423.494792
0.760075,45,1425.095495
0.656618,54,1427.018637
1.019707,25,1427.904344
1.196933,8,1428.207582
-0.964955,100,1431.818564
-0.883237,100,1435.543607
1.233009,5,1435.823697
1.202729,16,1436.472589
1.033355,19,1437.341468
0.938918,28,1438.773068
1.228056,9,1439.252437
1.146001,10,1439.626256
1.084232,16,1440.215456
0.30936,83,1443.348083
0.991507,29,1444.504577
0.822556,35,1446.038955
0.870357,29,1447.076431
1.188539,12,1447.607028
1.107174,12,1448.308913
1.248369,6,1448.581082
1.035251,30,1449.785016
0.899938,33,1451.154984
1.134959,23,1452.343085
1.282725,5,1452.624882
1.109561,10,1453.034062
1.145227,8,1453.32992
1.062265,19,1454.052954
1.245024,9,1454.451246
1.294707,5,1454.701412
1.224768,6,1454.986892
1.207701,5,1455.195597
1.175875,8,1455.528528
1.216243,7,1455.83815
1.000683,21,1456.618356
0.963728,22,1457.419816
1.137933,4,1457.599382
1.163407,12,1458.060164
1.193452,6,1458.30027
1.036981,24,1459.175084
1.095952,14,1459.734912
0.727679,47,1461.419515
1.207324,4,1461.611562
1.119162,6,1461.871695
1.187306,14,1462.388852
1.14756,12,1462.840695
1.089421,12,1463.313714
1.148105,8,1463.627837
1.160915,9,1463.990151
1.121133,11,1464.415437
0.919771,29,1465.476207
1.035476,25,1466.520139
0.988273,18,1467.188071
1.166894,14,1467.69918
1.206668,9,1468.202276
1.117536,11,1468.644388
0.802333,47,1470.39881
1.208364,6,1470.67755
1.306381,4,1470.866891
1.055134,19,1471.577591
0.96905,29,1472.677088
1.148643,10,1473.028065
1.19189,10,1473.43869
1.27091,2,1473.533901
1.053588,27,1474.543807
1.212905,4,1474.750952
1.037923,24,1475.592014
1.232798,10,1475.949
1.161149,10,1476.318787
1.165512,14,1476.87389
0.97128,21,1477.654919
1.054276,27,1478.746833
1.1334,1,1478.798113
1.196859,5,1478.992885
1.006122,19,1479.689577
0.931239,38,1481.062091
1.21454,8,1481.395317
-0.897005,100,1484.883047
1.129943,10,1485.287215
1.186528,4,1485.442715
1.058967,21,1486.234005
1.186863,5,1486.426735
1.152971,4,1486.603407
1.143959,11,1487.074217
0.967915,24,1487.911564
1.220157,7,1488.234867
1.020763,19,1488.935392
0.769385,43,1490.458726
1.323491,6,1490.709512
0.853004,30,1491.82385
1.135625,3,1491.953386
1.206845,9,1492.317741
1.029862,32,1493.709611
1.146269,12,1494.140076
1.13965,2,1494.226763
1.191702,10,1494.6749
0.606366,64,1497.041791
0.999433,32,1498.221056
0.891264,34,1499.651783
1.181647,15,1500.298834
1.239782,3,1500.435987
1.154268,10,1500.813287
1.178184,4,1501.054649
1.224992,5,1501.322234
1.170048,10,1501.692474
1.181441,3,1501.844829
1.220143,4,1502.00169
-0.919197,100,1505.589699
1.179915,16,1506.212069
1.09699,15,1506.777852
1.057645,26,1507.789951
1.143919,5,1508.018049
1.106641,8,1508.310387
1.138184,9,1508.650215
1.163911,6,1508.872647
1.146468,4,1509.023361
0.929701,25,1509.962152
0.99836,21,1510.687037
1.027679,25,1511.685697
1.206167,2,1511.767492
1.301359,5,1511.948902
1.108504,13,1512.463978
0.992024,20,1513.407922
1.086869,13,1513.995372
1.175055,10,1514.415866
1.254494,6,1514.75652
0.999707,19,1515.438919
1.09687,14,1515.942705
0.675513,63,1518.241034
1.124041,10,1518.608506
1.01458,22,1519.485496
1.266104,8,1519.990553
0.31077,93,1523.267122
1.273399,9,1523.625604
1.191483,10,1524.011356
1.246859,7,1524.26457
0.921408,27,1525.318471
1.195591,7,1525.644417
1.137082,6,1525.965152
1.200442,6,1526.218078
1.105044,17,1526.833033
1.240644,8,1527.193462
0.804588,45,1528.837956
0.98306,31,1530.092011
1.133524,12,1530.545805
1.082324,11,1530.949369
1.186369,13,1531.571734
1.202893,4,1531.765723
1.204924,3,1531.898216
1.15433,9,1532.238195
1.186307,6,1532.485382
1.159945,15,1533.096373
1.142597,8,1533.385094
1.04781,22,1534.443431
1.188662,4,1534.64256
1.229079,6,1535.00663
1.033702,13,1535.560702
1.028659,24,1536.477448
0.880959,33,1537.754247
1.10686,23,1538.741435
1.110305,11,1539.135585
1.153525,6,1539.372173
1.181043,13,1539.916404
1.167021,2,1540.006493
1.207455,7,1540.301155
1.229126,6,1540.525244
1.091124,11,1540.962353
0.628859,70,1543.900808
1.159875,17,1544.556148
0.704488,49,1546.255257
-0.910025,100,1549.692516
1.232575,5,1549.895029
1.199927,10,1550.283778
0.861762,41,1551.751119
1.26448,2,1551.827864
1.23371,7,1552.105601
1.108841,12,1552.566334
1.182346,8,1552.86419
1.192563,5,1553.095433
1.16724,7,1553.373419
1.218978,12,1553.893187
1.161561,11,1554.363316
1.201336,3,1554.507036
0.635574,70,1557.060765
1.063327,10,1557.428556
0.667437,68,1560.740556
1.092897,17,1561.366697
1.055715,18,1561.99676
1.133073,6,1562.232473
1.188995,3,1562.356637
0.715966,60,1564.956904
0.807261,47,1566.834284
1.188083,9,1567.230306
1.140812,15,1567.972276
0.261146,93,1571.544806
1.219995,7,1571.837472
0.460062,81,1574.806079
1.192122,3,1574.938165
1.225754,3,1575.06452
1.287005,1,1575.114006
1.204594,16,1575.715867
1.082278,18,1576.344022
0.890743,37,1577.649814
0.836944,43,1579.151113
0.986125,32,1580.419657
0.959007,29,1581.452945
0.971523,29,1582.439445
1.181335,5,1582.649721
1.148579,12,1583.106348
1.213648,11,1583.53493
0.953331,25,1584.393475
1.008546,20,1585.161063
0.936376,34,1586.529973
0.812888,49,1588.341161
1.23555,8,1588.639896
0.993784,22,1589.410525
1.211523,3,1589.533314
1.158428,6,1589.76428
1.047945,16,1590.464965
1.236813,1,1590.52114
1.20489,5,1590.774401
1.295862,1,1590.829072
1.137154,6,1591.110134
1.142334,6,1591.358631
0.667308,53,1593.626153
1.048787,18,1594.313762
0.960388,25,1595.283816
1.240345,8,1595.609635
0.834945,40,1597.165797
0.877852,34,1598.579667
1.26599,4,1598.764117
1.219678,14,1599.296324
1.137028,16,1600.001583
0.711845,49,1601.690977
1.164571,10,1602.117645
1.146301,19,1602.888663
0.962417,26,1603.936894
1.000129,25,1604.922203
1.10532,9,1605.385741
1.111585,4,1605.584059
1.2445,5,1605.790939
1.267504,6,1606.030199
1.182958,9,1606.423284
1.248499,9,1606.833119
1.267951,6,1607.045439
1.1986,13,1607.731785
1.162778,10,1608.150638
1.034197,30,1609.329074
1.026864,22,1610.156346
1.115899,11,1610.587983
1.242984,7,1610.886449
1.205635,12,1611.424967
1.157373,15,1612.051027
1.179272,14,1612.712637
1.201048,9,1613.063379
1.202114,10,1613.4235
0.783089,51,1615.389458
0.458627,79,1618.294341
1.153982,7,1618.591125
1.266444,5,1618.812554
1.280719,4,1618.983469
1.011562,24,1620.01802
1.076729,18,1620.719854
-0.762558,100,1624.343331
0.38928,86,1627.339964
1.166834,10,1627.726182
0.722207,48,1629.384193
1.02169,17,1630.048962
1.017909,26,1630.986747
1.117366,10,1631.337848
0.908531,29,1632.349537
1.236043,7,1632.65596
1.210683,3,1632.779058
1.279742,6,1633.027956
1.080818,16,1633.584255
1.214241,2,1633.689682
1.152188,12,1634.109231
0.95625,22,1634.878239
1.0102,21,1635.614216
0.973812,28,1636.656577
1.144486,3,1636.773861
1.191483,6,1637.000301
1.211384,13,1637.561184
1.182764,11,1637.974082
1.180108,6,1638.193937
1.16742,16,1638.752437
1.197165,12,1639.237703
1.236626,10,1639.595011
1.192038,6,1639.811296
0.415329,85,1642.71287
1.004271,15,1643.254093
1.050499,21,1644.093773
1.261437,10,1644.442532
1.093675,13,1645.007337
1.155763,14,1645.491861
1.109131,19,1646.19083
0.925185,23,1646.996849
1.274706,2,1647.078123
1.112412,10,1647.458061
1.034094,18,1648.107934
0.720174,48,1649.957683
1.172858,4,1650.133741
1.136055,15,1650.695579
1.199104,6,1650.924381
0.957055,19,1651.708744
1.171803,9,1652.107717
1.253161,6,1652.377453
1.192228,2,1652.483616
1.264521,3,1652.619669
1.090729,13,1653.164773
1.209616,7,1653.474095
1.159188,3,1653.63589
1.134694,10,1654.065185
1.120928,10,1654.488159
1.205547,14,1655.09311
0.712124,47,1656.952179
0.935109,36,1658.293955
1.171157,6,1658.510934
1.233616,11,1658.914291
1.096133,11,1659.506545
1.192517,5,1659.793565
1.194533,4,1660.004968
1.190213,5,1660.203722
1.178211,4,1660.386156
0.973605,21,1661.197372
1.253637,9,1661.596941
1.212198,4,1661.750774
1.207547,9,1662.097176
1.138927,4,1662.305018
1.177632,13,1662.805713
1.212203,3,1662.97637
1.096417,13,1663.482231
1.197107,2,1663.595329
1.183465,3,1663.745195
0.902086,32,1664.901604
1.083565,14,1665.461288
1.192258,12,1666.026565
1.094578,20,1666.883318
1.114954,12,1667.372045
1.00185,19,1668.120223
1.032992,20,1668.914442
1.195384,4,1669.12203
1.203453,3,1669.243152
-0.714759,100,1673.102636
0.997181,32,1674.384636
1.174542,4,1674.575016
1.022639,21,1675.559339
0.784376,40,1677.282151
0.925716,36,1678.909767
1.16275,1,1678.960454
0.55893,63,1681.812901
1.035712,23,1682.69704
0.720783,52,1685.092626
1.215109,2,1685.199296
1.284225,7,1685.45238
1.075917,19,1686.135443
1.226977,5,1686.404873
1.16237,15,1687.097633
1.020986,14,1687.694975
0.975318,27,1688.842214
1.051105,15,1689.45145
1.004087,18,1690.219195
1.11557,4,1690.391387
1.183556,2,1690.494162
1.241704,1,1690.551999
1.083703,24,1691.495441
0.621384,66,1693.953768
0.762207,44,1695.756332
1.014875,28,1696.837602
1.18004,3,1696.969788
1.185862,2,1697.059082
1.178324,6,1697.368639
1.080239,17,1697.994824
1.105333,15,1698.75103
0.730068,43,1700.513532
1.096406,16,1701.197641
0.939577,24,1702.08464
0.700032,49,1703.810658
1.115443,9,1704.175302
1.108041,2,1704.26556
1.257185,1,1704.316347
0.982904,31,1705.463138
1.076952,16,1706.144407
1.133263,2,1706.233843
1.005517,24,1707.199005
1.191249,3,1707.315976
1.037555,20,1708.093051
1.003667,24,1708.914129
0.84129,48,1710.67228
1.285686,6,1710.935429
1.131877,13,1711.415833
1.232633,4,1711.570943
1.156942,7,1711.836021
0.734843,47,1713.637823
1.13838,3,1713.79401
1.157581,20,1714.674535
1.217405,2,1714.802701
1.244301,1,1714.860637
1.245239,8,1715.19632
0.977829,31,1716.585632
1.104708,13,1717.234148
1.003137,18,1718.054987
1.073208,13,1718.684831
1.226033,8,1719.0732
1.083832,23,1719.977988
1.251048,5,1720.169244
1.165547,9,1720.489858
1.000284,16,1721.052216
1.047419,26,1721.953308
1.168148,8,1722.222985
1.136655,8,1722.498567
1.105563,8,1722.77443
1.228808,5,1722.968208
1.130176,13,1723.568242
0.818232,47,1725.378566
1.046667,17,1726.032517
1.204535,6,1726.315389
1.200487,8,1726.694239
0.7855,44,1728.521727
1.17779,2,1728.611493
1.265135,7,1728.923378
1.227685,5,1729.146082
1.254706,9,1729.533824
1.231296,7,1729.864402
1.05047,21,1730.676117
1.182644,12,1731.153862
1.039178,21,1732.009553
1.0054,22,1732.899487
1.259419,10,1733.309106
1.181618,3,1733.440971
1.205567,4,1733.640315
1.094474,15,1734.205538
1.185598,9,1734.546986
1.239476,8,1734.89836
1.046281,17,1735.567307
1.159716,5,1735.819039
1.290669,4,1736.019516
0.717077,57,1738.191708
1.056913,13,1738.739831
1.279089,2,1738.836612
1.315729,4,1739.032907
1.179609,19,1739.792267
1.262171,4,1740.019647
1.163219,7,1740.413418
1.131013,2,1740.5386
1.198606,6,1740.776573
1.140118,11,1741.214178
1.239771,10,1741.800228
1.249952,9,1742.190114
1.133916,6,1742.426313
1.289282,7,1742.675179
1.107561,9,1743.005015
1.253167,4,1743.212204
1.080235,13,1743.746022
1.119205,14,1744.319977
1.005536,29,1745.569753
1.192693,3,1745.687089
1.214956,2,1745.774596
1.261742,12,1746.200953
1.174199,23,1747.090048
1.072373,10,1747.437164
1.150398,13,1748.007568
1.216043,4,1748.173168
1.208515,6,1748.466159
1.345745,1,1748.53137
0.803411,37,1749.965265
1.224348,3,1750.098804
1.109024,10,1750.470968
1.25833,5,1750.749292
1.130486,14,1751.318766
0.987027,16,1751.899431
1.116918,10,1752.253462
1.159567,5,1752.471348
1.178295,2,1752.5582
1.160744,7,1752.853574
0.842925,33,1754.113927
1.278006,5,1754.349947
1.270214,5,1754.549092
1.013414,16,1755.202629
1.064831,22,1756.107849
1.210697,6,1756.346175
1.003179,34,1757.564823
1.199412,3,1757.684831
1.084985,14,1758.191021
-0.798608,100,1761.731529
0.946701,39,1763.126635
1.18726,9,1763.473039
1.145169,8,1763.758923
0.940072,25,1764.672421
0.892491,36,1765.949857
1.197106,10,1766.410119
0.61428,57,1768.424964
1.158267,3,1768.564475
0.945654,28,1769.718379
1.207589,6,1770.032583
1.050122,24,1771.097044
1.125948,10,1771.523471
1.234308,7,1771.846316
0.864662,36,1773.538549
0.723077,59,1776.022148
1.112002,6,1776.245103
0.768256,40,1777.659034
1.186213,8,1778.088887
1.172569,2,1778.192773
1.102782,6,1778.45976
1.260232,9,1778.90354
1.258881,6,1779.205321
1.060363,12,1779.66199
1.204362,19,1780.314912
0.674328,48,1782.088049
0.846545,29,1783.328401
1.141967,18,1784.215738
1.216065,5,1784.548528
1.167551,6,1784.833128
1.224155,8,1785.154551
0.62865,66,1787.685271
1.090714,6,1787.920538
1.235508,9,1788.339111
1.010466,21,1789.110234
1.12768,20,1789.969101
0.940942,25,1790.941244
0.916872,25,1791.838437
1.030359,20,1792.575705
1.291318,5,1792.805693
1.257013,10,1793.19364
1.324914,3,1793.401233
1.104986,11,1793.867833
1.068717,17,1794.517042
1.211223,3,1794.648062
1.149934,3,1794.791562
1.020973,19,1795.632084
1.209065,4,1795.82422
0.879251,37,1797.242785
0.939293,36,1798.699156
0.896675,42,1800.515172
0.946448,31,1801.78774
1.169855,6,1802.008396
1.105099,14,1802.495285
0.974931,34,1803.815519
0.792126,49,1805.510206
1.071035,22,1806.408303
1.135273,17,1807.140306
1.12084,6,1807.355239
0.796242,42,1808.869699
0.67121,56,1811.082655
1.243382,8,1811.479625
1.027962,24,1812.339495
1.170418,11,1812.735273
1.167759,2,1812.845818
0.639913,56,1815.090863
1.166064,5,1815.304931
1.173176,5,1815.52836
0.922715,24,1816.385034
1.188367,3,1816.53704
1.157417,4,1816.714275
1.269373,6,1816.985424
0.997241,31,1818.10679
1.064948,13,1818.662028
1.274155,4,1818.852202
1.186115,14,1819.450112
1.190554,9,1819.891629
1.023953,18,1820.58579
1.194205,8,1820.914132
1.176658,4,1821.119806
1.056959,15,1821.73375
1.134534,4,1821.889314
1.118433,14,1822.418618
0.457138,70,1825.265939
0.797209,54,1827.625571
1.18811,3,1827.768793
1.197336,2,1827.884753
1.315197,1,1827.938412
1.15404,8,1828.334356
1.207445,3,1828.490318
0.880189,31,1830.161797
1.003164,21,1831.032907
1.218801,4,1831.207405
0.874882,41,1833.504853
1.133474,17,1834.282773
1.208752,8,1834.634326
1.234601,3,1834.802647
1.170979,16,1835.383083
1.225161,2,1835.473487
1.240403,5,1835.705476
1.055495,15,1836.310251
-0.846491,100,1840.611372
1.186213,4,1840.768181
1.20452,11,1841.172404
0.908577,27,1842.2014
0.844486,33,1843.397047
1.107589,2,1843.482567
1.224698,4,1843.643847
1.277057,4,1843.833965
1.242761,6,1844.131364
1.064177,23,1844.945786
1.155855,18,1845.634258
1.186516,2,1845.730964
1.168937,9,1846.193117
1.181759,8,1846.601971
1.26927,4,1846.877605
1.090163,11,1847.35196
1.252442,4,1847.511303
0.839197,33,1848.74747
0.962259,23,1849.600137
1.152662,13,1850.10351
0.853874,39,1851.537882
1.195033,3,1851.67581
1.236545,9,1852.061875
1.065818,15,1852.654452
1.185474,13,1853.284054
1.230591,8,1853.665788
1.092804,12,1854.24276
0.475301,80,1857.636883
1.148131,3,1857.837744
1.056554,16,1858.521605
1.073018,9,1859.093574
1.200056,9,1859.543438
1.23584,9,1859.904147
0.864908,46,1861.763034
1.220913,5,1862.023163
1.230735,4,1862.202086
1.198175,3,1862.334445
1.175795,7,1862.630959
1.205408,3,1862.751678
1.140633,12,1863.22334
1.099606,13,1863.719866
1.246587,4,1863.895717
0.998267,28,1864.901601
1.130221,15,1865.507768
1.061201,18,1866.198961
1.049128,19,1866.939927
0.836149,36,1868.257998
1.065388,22,1869.050041
1.208951,3,1869.178282
1.103249,17,1869.843753
1.151839,4,1870.001572
0.968077,33,1871.35518
1.214469,4,1871.533449
1.22045,3,1871.675803
1.015474,20,1872.454053
0.914913,34,1873.764834
1.080949,16,1874.375077
1.171276,10,1874.745444
1.214102,8,1875.060797
1.25895,8,1875.387908
0.667196,57,1877.508296
1.231178,5,1877.71832
1.106798,8,1878.032846
1.177383,4,1878.183229
1.157527,10,1878.538086
1.124551,8,1878.821996
1.00601,29,1879.881674
1.208471,8,1880.175283
1.170857,8,1880.50769
1.061829,15,1881.077197
1.181004,4,1881.246396
1.181313,5,1881.493359
1.062908,14,1881.991236
0.589678,62,1884.174973
0.496775,70,1886.653545
1.092608,12,1887.232833
0.946129,38,1888.73734
1.190951,4,1888.928497
1.255032,10,1889.335057
1.221037,8,1889.680002
0.919632,35,1890.968759
1.184736,7,1891.251604
0.99994,22,1892.110689
1.087713,9,1892.509823
0.919773,24,1893.387168
0.737168,43,1895.013504
1.022809,20,1895.778734
1.024399,20,1896.517176
0.633185,62,1898.824969
1.10287,12,1899.274209
1.017869,17,1899.947752
1.301367,3,1900.075444
0.923921,29,1901.144964
0.90215,26,1902.133948
0.921196,38,1903.566465
1.212592,3,1903.692989
1.089638,9,1904.031177
1.03538,17,1904.695282
0.97184,38,1906.276078
1.216241,12,1906.861212
0.444665,71,1909.79489
1.225206,2,1909.87796
1.181117,5,1910.09967
1.254403,2,1910.204841
1.132971,12,1910.6504
1.153163,7,1910.900377
1.235779,5,1911.134272
1.182137,4,1911.313956
1.009919,28,1912.27944
1.224247,3,1912.411143
1.002611,23,1913.33918
1.018935,17,1913.983641
0.760497,58,1916.15404
0.836132,44,1917.78903
1.250279,4,1917.951393
1.211832,2,1918.038164
1.152183,10,1918.415397
0.863011,35,1919.769849
0.867175,35,1921.393867
1.211781,3,1921.531839
1.153898,12,1921.984635
1.254073,6,1922.29535
1.220416,7,1922.560156
1.192702,11,1922.96697
1.183135,10,1923.334892
0.876202,44,1924.962038
1.118657,13,1925.512835
1.247574,3,1925.636196
0.649176,59,1927.888579
1.054856,15,1928.459471
1.226098,12,1928.981267
1.147694,1,1929.034486
1.096898,10,1929.491743
1.038979,15,1930.103383
1.015686,20,1930.902546
1.13565,9,1931.26943
1.297172,6,1931.528012
1.259433,3,1931.648418
1.213706,2,1931.742233
1.287342,3,1931.870056
0.914903,43,1933.422858
1.04609,26,1934.41941
1.191113,6,1934.662864
1.21696,9,1934.992293
1.020108,15,1935.57498
1.202749,6,1935.812959
1.198373,8,1936.115032
1.138862,4,1936.283029
0.833431,39,1937.779201
0.95267,22,1938.573023
1.232288,6,1938.81813
0.725818,64,1941.396638
1.126282,14,1941.910995
1.189992,6,1942.136154
1.111309,19,1942.802181
1.143102,12,1943.263078
1.248392,5,1943.459041
1.091106,17,1944.058794
1.09907,25,1944.926864
1.079051,24,1945.799236
1.283856,5,1946.004069
1.141193,2,1946.084697
1.140006,18,1946.73317
1.149759,4,1946.913748
1.18809,6,1947.151469
1.101856,16,1947.709706
1.249531,5,1947.930173
1.191461,6,1948.17916
1.119346,12,1948.610755
1.232625,6,1948.83844
0.991958,22,1949.620799
1.149314,13,1950.103651
1.167395,1,1950.152598
1.146503,7,1950.450865
1.040255,28,1951.453818
0.956149,32,1952.624646
1.166181,13,1953.095249
1.258351,3,1953.22027
0.895343,41,1954.668812
1.255153,6,1954.893457
0.963419,28,1955.863369
1.168363,18,1956.559236
0.433008,84,1959.677935
1.212143,5,1959.879746
0.541822,69,1962.258569
1.031835,14,1962.812298
1.024571,15,1963.359812
1.096984,14,1963.887194
0.895951,34,1965.064994
1.265751,7,1965.325499
-0.882479,100,1968.972959
1.196096,3,1969.098009
1.276988,9,1969.417563
0.730904,48,1971.182753
0.946004,24,1972.007416
1.125201,16,1972.625063
0.71878,64,1975.148428
1.148839,14,1975.720216
1.157722,8,1976.114393
1.112181,9,1976.456249
0.974789,20,1977.222533
1.196202,4,1977.398504
1.256631,1,1977.450906
1.189569,1,1977.507445
1.194506,14,1977.98347
0.874783,26,1978.91949
1.251549,3,1979.047417
1.012231,18,1979.797291
1.272164,9,1980.190487
1.179098,12,1980.900676
1.179313,5,1981.343483
1.247667,2,1981.483283
1.253747,5,1981.750847
1.078935,10,1982.234175
1.237719,3,1982.367706
1.313566,5,1982.572803
1.136395,10,1982.979918
1.104656,6,1983.231367
1.22853,7,1983.494508
1.219912,3,1983.620794
1.261385,6,1983.85026
0.927027,35,1985.299196
0.793479,42,1986.772552
1.185014,2,1986.852652
1.172492,3,1986.970534
1.133484,6,1987.288696
0.946161,33,1988.584102
1.149954,5,1988.877886
1.211918,4,1989.035731
1.027085,28,1990.030385
1.19282,12,1990.427088
1.128527,6,1990.667123
1.138586,11,1991.083786
1.086064,17,1991.667569
1.126573,9,1992.066489
0.979794,21,1992.834024
1.117428,9,1993.177021
1.136362,15,1993.718276
1.240086,7,1994.030042
1.051349,20,1994.813898
1.194167,11,1995.185788
1.270837,2,1995.27988
1.262238,3,1995.429188
1.209679,4,1995.617801
1.324236,1,1995.680063
1.244693,6,1996.003193
1.190661,8,1996.317622
1.089076,17,1997.031576
1.20634,3,1997.156836
1.093141,11,1997.646036
0.389638,77,2000.60579
1.191704,7,2000.872416
1.229367,7,2001.142708
1.198495,9,2001.460697
1.181912,6,2001.67582
0.837851,44,2003.306372
1.055752,16,2003.892859
1.141614,16,2004.491496
1.208119,10,2004.931903
1.135539,7,2005.215847
1.185038,10,2005.610783
1.119305,9,2005.978751
1.192656,7,2006.229302
1.138478,7,2006.499121
1.141145,19,2007.219652
1.14781,6,2007.438425
1.225093,3,2007.561559
1.249415,5,2007.753774
1.131145,21,2008.475103
1.236707,9,2008.822258
1.154039,17,2009.455419
0.810776,49,2011.399465
1.194733,4,2011.586095
1.179101,3,2011.716372
1.247234,3,2011.844851
1.172608,9,2012.254811
1.192186,7,2012.647152
1.130639,8,2012.951112
1.204353,13,2013.415548
1.204064,6,2013.643478
1.086515,14,2014.219349
1.171829,3,2014.358566
0.917702,28,2015.50687
1.12766,3,2015.636849
1.103389,13,2016.098369
0.850313,36,2017.367166
1.203569,3,2017.492869
1.174582,15,2018.004913
0.289504,90,2021.246391
1.038796,16,2021.833204
1.196848,9,2022.218296
0.900311,39,2023.628371
1.1481,6,2023.868276
1.212156,6,2024.087834
1.185447,12,2024.56847
1.216795,2,2024.656092
0.733778,48,2026.362321
1.098601,10,2026.868575
1.197896,3,2026.997545
1.246533,5,2027.230396
