#{"t_start": 1655842025.6073613, "env_id": "IK-Gazebo-v0"}
r,l,t
11.382475,1,4.28552
11.561596,1,4.380692
10.91443,1,4.481317
7.422515,1,4.572636
7.679306,1,4.705751
11.299319,1,4.784028
5.862341,1,4.857769
6.611432,1,4.951929
6.357587,1,5.031449
18.438002,1,5.136145
7.760082,1,5.22314
9.367379,1,5.309313
4.36654,1,5.391456
6.605027,1,5.472116
12.952437,1,5.571141
12.651849,1,5.663126
8.33321,1,5.799115
6.048645,1,5.883821
6.539107,1,5.989007
4.784243,1,6.078549
7.738994,1,6.173181
6.879211,1,6.275485
7.054275,1,6.349438
4.084073,1,6.450925
15.298444,1,6.541471
9.516898,1,6.65124
16.209424,1,6.749619
5.538031,1,6.836556
9.577996,1,6.939112
24.745984,1,7.025638
6.331825,1,7.113009
6.885566,1,7.237532
6.872692,1,7.347367
9.507671,1,7.478064
16.547431,1,7.576305
12.846325,1,7.676085
15.832812,1,7.78602
6.236694,1,7.89195
7.400657,1,8.010171
10.603789,1,8.104255
8.642914,1,8.210171
4.985473,1,8.302317
11.37382,1,8.404931
7.060056,1,8.493284
8.963269,1,8.595476
5.918866,1,8.692437
7.82325,1,8.78655
13.036942,1,8.897942
11.14458,1,9.038105
6.821018,1,9.131877
15.080093,1,9.231583
8.756852,1,9.340853
5.880243,1,9.456212
6.547021,1,9.551714
13.704968,1,9.662931
13.423285,1,9.78257
12.765458,1,9.870052
5.312033,1,9.98189
19.672991,1,10.095431
12.29724,1,10.191725
5.620375,1,10.295498
6.667059,1,10.398812
28.125699,1,10.499946
7.314017,1,10.604244
9.022403,1,10.713959
9.441257,1,10.809399
7.39858,1,10.908339
15.396253,1,11.022072
6.712842,1,11.123892
10.347619,1,11.224874
4.454179,1,11.377733
7.826637,1,11.481934
5.76321,1,11.586235
10.19681,1,11.667986
5.96021,1,11.848129
5.196315,1,11.957918
13.733955,1,12.067015
6.154502,1,12.181323
17.091761,1,12.285121
3.416632,1,12.372079
7.721086,1,12.457222
10.203042,1,12.581398
4.776099,1,12.68725
5.238377,1,12.805863
6.393388,1,12.913734
9.253748,1,13.01915
8.187768,1,13.111715
5.157459,1,13.204305
6.988176,1,13.297381
3.412421,1,13.39466
9.279843,1,13.569482
6.642929,1,13.67662
21.44538,1,13.797818
8.939769,1,13.906594
4.765922,1,14.006839
11.802592,1,14.171088
7.876348,1,14.260093
9.581583,1,14.37498
8.299349,1,14.482632
5.381475,1,14.593232
7.043299,1,14.735096
9.287395,1,14.838728
12.558717,1,14.942389
13.765941,1,15.069874
8.533856,1,15.180542
5.609025,1,15.285595
4.707024,1,15.383564
21.60074,1,15.501947
5.313619,1,15.614515
7.21478,1,15.722213
92.614632,1,15.833894
20.030308,1,15.957554
11.11941,1,16.052849
11.2832,1,16.167777
22.653845,1,16.288803
11.27706,1,16.383898
15.933685,1,16.483097
3.882931,1,16.580863
6.32619,1,16.682277
13.261791,1,16.771498
18.893533,1,16.885345
10.49486,1,16.991669
10.627137,1,17.079152
12.452267,1,17.168916
9.32271,1,17.261032
7.001418,1,17.345964
39.707791,1,17.446735
22.019196,1,17.557329
10.524075,1,17.661856
45.892372,1,17.763124
10.826867,1,17.857607
32.197834,1,17.952727
16.954847,1,18.089044
24.384753,1,18.203679
9.272922,1,18.312322
3.656577,1,18.41554
11.634613,1,18.530938
6.42728,1,18.650455
15.097794,1,18.788024
38.852762,1,18.898312
9.109197,1,19.037
16.540289,1,19.135965
11.445109,1,19.247678
8.093304,1,19.380708
8.606061,1,19.517359
16.227644,1,19.626523
14.478287,1,19.758802
12.315758,1,19.859537
10.029266,1,19.986629
25.843445,1,20.101397
26.576138,1,20.208422
20.310966,1,20.32389
12.917583,1,20.41429
10.7812,1,20.53165
13.987026,1,20.6723
18.010032,1,20.782182
11.669656,1,20.930918
9.153007,1,21.071397
13.366046,1,21.186029
26.511788,1,21.309217
8.849422,1,21.421692
18.516092,1,21.534095
6.622834,1,21.697272
12.564951,1,21.803319
10.389309,1,21.908043
11.252758,1,22.022057
10.648003,1,22.143636
8.097884,1,22.245568
35.95858,1,22.352406
14.958512,1,22.469746
10.279194,1,22.593835
18.380056,1,22.687574
9.321492,1,22.815665
16.001089,1,22.914488
20.165977,1,23.021724
13.220252,1,23.137589
7.659792,1,23.266657
14.710519,1,23.394778
152.692927,1,23.492795
13.072479,1,23.600967
11.975561,1,23.713776
26.402818,1,23.82211
25.090887,1,23.928161
9.779496,1,24.039768
23.267792,1,24.164524
16.952362,1,24.270086
8.310919,1,24.378846
7.247754,1,24.485096
8.343261,1,24.598234
15.108084,1,24.711404
16.261364,1,24.828713
7.078309,1,24.936336
11.656748,1,25.040824
13.231165,1,25.144769
19.839981,1,25.241512
10.467275,1,25.343169
14.07762,1,25.434804
13.249056,1,25.535161
8.818509,1,25.642953
9.549579,1,25.759241
9.479126,1,25.887448
20.027463,1,25.994711
9.968805,1,26.116565
13.538041,1,26.21925
16.663054,1,26.316526
22.506721,1,26.412827
9.951972,1,26.518918
12.155314,1,26.619853
20.001699,1,26.73098
12.750786,1,26.831479
9.59219,1,26.94152
8.109106,1,27.063112
8.628902,1,27.169392
11.324038,1,27.27744
11.586199,1,27.378125
6.727054,1,27.46588
9.696049,1,27.574052
7.062449,1,27.675725
14.581445,1,27.791891
6.293202,1,27.906887
6.922401,1,28.034186
10.654317,1,28.163004
8.321628,1,28.317549
14.453898,1,28.422226
15.800532,1,28.527968
6.098121,1,28.646643
9.712604,1,28.76651
15.673589,1,28.875206
18.532105,1,28.9999
20.496227,1,29.121651
23.695128,1,29.288293
8.677168,1,29.434254
19.143014,1,29.543388
8.319175,1,29.661086
11.231066,1,29.773832
8.379635,1,29.896338
19.027502,1,30.025452
15.944248,1,30.127022
25.212718,1,30.243499
9.014219,1,30.367781
19.055021,1,30.486645
17.12096,1,30.599748
34.110093,1,30.696012
6.725144,1,30.809845
8.795388,1,30.92981
15.546047,1,31.047277
137.985394,1,31.168271
9.193741,1,31.296379
7.555077,1,31.416605
14.392369,1,31.541197
11.614168,1,31.648054
9.448939,1,31.764443
6.081213,1,31.888314
8.182505,1,32.013699
17.435867,1,32.124585
26.98481,1,32.249602
10.864528,1,32.40562
11.490788,1,32.514232
9.952424,1,32.649309
21.20763,1,32.779847
19.647094,1,32.903327
8.26752,1,33.031775
12.025585,1,33.149739
14.647403,1,33.252974
20.297882,1,33.379826
15.903194,1,33.519559
7.163762,1,33.635721
10.659486,1,33.761257
8.37398,1,33.863492
16.7915,1,33.991145
10.446668,1,34.087783
12.321434,1,34.212291
11.084687,1,34.34977
11.579385,1,34.471753
14.413612,1,34.580927
10.616049,1,34.694734
13.463475,1,34.820979
12.599119,1,34.922661
8.171686,1,35.050815
13.552711,1,35.186955
47.726108,1,35.299835
13.350842,1,35.416238
8.259165,1,35.531847
19.040081,1,35.633211
113.594965,1,35.732942
10.393204,1,35.857504
149.007144,1,35.985651
8.597112,1,36.123971
11.104301,1,36.230621
17.86041,1,36.351022
6.650749,1,36.454233
30.906208,1,36.556277
18.706931,1,36.671773
14.549419,1,36.794622
22.253682,1,36.89996
13.03275,1,36.986962
6.448778,1,37.121496
9.643298,1,37.245864
30.778798,1,37.344919
13.04285,1,37.462758
21.381275,1,37.586917
10.268021,1,37.708778
29.445526,1,37.844061
28.943657,1,37.956215
25.534202,1,38.064119
25.285475,1,38.177261
13.759241,1,38.26668
28.462379,1,38.365496
9.912052,1,38.480745
17.254321,1,38.600681
6.864384,1,38.723451
233.164303,1,38.823586
8.136155,1,38.960869
26.194916,1,39.062332
15.321632,1,39.162428
15.642978,1,39.295123
16.346184,1,39.416089
9.3176,1,39.519451
22.130048,1,39.627385
15.951494,1,39.725274
10.30404,1,39.857535
12.836197,1,39.984271
14.398033,1,40.100636
18.030692,1,40.186519
39.016384,1,40.290602
10.823495,1,40.396652
159.934683,1,40.505
19.1556,1,40.627799
21.976332,1,40.734666
22.799824,1,40.854629
10.233177,1,40.985744
57.768836,1,41.074749
25.662828,1,41.194563
75.749727,1,41.290139
15.564106,1,41.38971
13.725411,1,41.493554
14.004962,1,41.586312
56.203786,1,41.669768
17.335401,1,41.767962
12.770228,1,41.874069
19.670715,1,41.985959
16.654283,1,42.117333
15.734171,1,42.219997
18.720201,1,42.342293
7.83863,1,42.437773
11.526765,1,42.563878
11.77118,1,42.676819
17.143834,1,42.855301
36.835407,1,42.972065
8.746846,1,43.091105
28.838011,1,43.19415
12.64527,1,43.311431
28.796919,1,43.421803
10.545207,1,43.527928
18.720892,1,43.612282
17.568123,1,43.722232
12.222307,1,43.821976
50.869921,1,43.941074
15.073707,1,44.047564
8.537262,1,44.155769
9.442173,1,44.247578
43.222674,1,44.348168
14.509645,1,44.516544
7.116849,1,44.622305
14.148894,1,44.742813
18.081645,1,44.838754
11.963146,1,44.973686
18.575004,1,45.063423
25.972027,1,45.169403
8.119559,1,45.270669
14.079837,1,45.417699
15.147787,1,45.523861
23.471354,1,45.65747
10.135898,1,45.76219
58.977345,1,45.857021
62.561505,1,45.961783
13.508106,1,46.056254
15.081166,1,46.166533
7.003869,1,46.337327
22.148464,1,46.510056
31.531142,1,46.610431
10.595369,1,46.740591
18.094215,1,46.933728
20.643977,1,47.035253
9.754689,1,47.147792
17.699202,1,47.266294
8.659891,1,47.431742
6.949541,1,47.590181
13.522083,1,47.717359
18.270492,1,47.834804
15.365583,1,47.957041
14.17195,1,48.068587
50.817481,1,48.190536
10.068808,1,48.303999
8.514338,1,48.414323
44.833954,1,48.519137
19.765062,1,48.631066
7.506855,1,48.754567
14.790194,1,48.883752
18.356001,1,48.987759
8.200506,1,49.111191
11.517439,1,49.227339
10.358613,1,49.397128
11.230061,1,49.514323
7.746607,1,49.656564
10.289815,1,49.773137
10.558795,1,49.880828
68.244299,1,49.990359
17.102436,1,50.131969
22.655634,1,50.235075
16.996947,1,50.358144
25.58327,1,50.531912
34.474877,1,50.637472
11.823619,1,50.770822
13.944545,1,50.896385
12.739948,1,51.080527
9.280097,1,51.252985
18.471659,1,51.387927
14.029474,1,51.497222
15.417972,1,51.593212
18.395619,1,51.706709
30.911211,1,51.814569
12.972261,1,51.91797
17.608978,1,52.035157
14.725174,1,52.135365
14.442303,1,52.231094
9.218241,1,52.337948
16.997785,1,52.436378
12.68528,1,52.561989
8.596912,1,52.718055
14.596206,1,52.818104
23.191833,1,52.935056
12.008156,1,53.039417
11.253611,1,53.155489
44.560141,1,53.274617
23.736903,1,53.3862
22.787362,1,53.492428
14.786584,1,53.608156
20.413421,1,53.730394
24.970263,1,53.830805
8.469608,1,53.942094
14.867554,1,54.059708
113.787332,1,54.169603
20.155161,1,54.284257
7.846471,1,54.456978
15.456999,1,54.601126
14.026057,1,54.702644
27.815629,1,54.822149
7.053816,1,54.935939
13.909618,1,55.108745
12.82538,1,55.205819
16.408315,1,55.32092
7.964898,1,55.485015
11.199761,1,55.590054
16.419555,1,55.708064
76.879968,1,55.803373
18.408701,1,55.907242
10.01267,1,56.002979
15.759107,1,56.129802
12.611059,1,56.243084
20.575808,1,56.366088
16.100556,1,56.464459
11.045287,1,56.592437
10.702742,1,56.698776
76.664341,1,56.808973
11.369654,1,56.918743
9.159136,1,57.027543
23.55186,1,57.144998
9.521369,1,57.250594
30.508191,1,57.354959
8.388072,1,57.466638
20.013599,1,57.566259
19.154704,1,57.741973
36.104663,1,57.839323
14.713316,1,57.957832
25.080708,1,58.062568
15.283454,1,58.222679
21.975928,1,58.327342
13.055228,1,58.446679
22.3028,1,58.568739
10.806051,1,58.676374
39.974352,1,58.783846
23.686189,1,58.892996
14.061193,1,58.991631
21.947496,1,59.083162
10.055163,1,59.193051
11.33134,1,59.307932
17.967077,1,59.409359
12.415108,1,59.513837
19.32602,1,59.641562
28.3952,1,59.738449
33.48339,1,59.840191
12.059129,1,59.932067
16.94471,1,60.079835
10.104939,1,60.184847
34.069406,1,60.286366
14.028767,1,60.387853
27.326441,1,60.500486
10.435931,1,60.638974
32.614532,1,60.751287
15.288487,1,60.8418
7.80413,1,60.940967
46.335042,1,61.03492
14.204486,1,61.134325
25.839551,1,61.23951
11.665574,1,61.348102
27.425504,1,61.441604
13.205341,1,61.52913
41.961841,1,61.652277
20.424786,1,61.761543
7.358363,1,61.912325
47.635059,1,62.024149
9.388273,1,62.125757
9.144908,1,62.214973
11.270094,1,62.323383
8.781342,1,62.411927
9.419425,1,62.52089
16.315062,1,62.625433
27.106723,1,62.735672
34.176307,1,62.828091
10.960611,1,62.933877
17.037434,1,63.028175
15.697607,1,63.128508
49.611673,1,63.234163
8.357355,1,63.366975
31.528699,1,63.461441
8.5082,1,63.560207
8.183197,1,63.660529
16.907726,1,63.764683
12.142287,1,63.858174
20.304395,1,63.966413
16.596528,1,64.062819
15.319464,1,64.181487
10.551569,1,64.295293
16.671124,1,64.413294
35.354651,1,64.528801
54.168676,1,64.634318
19.563395,1,64.75214
33.462172,1,64.862121
114.736287,1,64.980736
20.556578,1,65.097488
34.575063,1,65.211812
16.648619,1,65.392027
11.362278,1,65.546199
8.618424,1,65.664272
17.934125,1,65.780961
12.993511,1,65.877922
23.441254,1,66.014973
66.327599,1,66.136085
12.754959,1,66.251136
53.243642,1,66.393796
19.745059,1,66.496368
44.337567,1,66.616294
106.435546,1,66.718342
46.449038,1,66.83762
74.680972,1,66.943128
50.505179,1,67.068216
13.81493,1,67.248749
21.848923,1,67.370265
22.078407,1,67.487412
21.545334,1,67.605015
8.393335,1,67.738542
75.07985,1,67.848387
12.835068,1,68.004105
24.551323,1,68.118404
26.464208,1,68.243556
42.443502,1,68.344718
28.115498,1,68.464266
9.149195,1,68.592262
11.647701,1,68.700381
11.834561,1,68.813941
13.289227,1,68.931255
10.339526,1,69.051877
29.893035,1,69.172398
13.531388,1,69.29608
15.790298,1,69.407777
17.279999,1,69.52834
33.468231,1,69.637919
18.977046,1,69.750193
21.855418,1,69.869824
52.777646,1,69.983394
8.568374,1,70.111445
20.777711,1,70.206639
43.261472,1,70.314696
16.066422,1,70.426168
15.105324,1,70.53659
35.251955,1,70.640864
42.601121,1,70.747066
22.871577,1,70.899396
61.30397,1,71.002802
16.705823,1,71.123374
9.537918,1,71.247416
26.10555,1,71.354148
10.29045,1,71.535164
24.053684,1,71.693623
11.853238,1,71.801671
21.356412,1,71.905815
13.608489,1,72.017339
20.369019,1,72.117968
13.141595,1,72.239251
12.41482,1,72.350721
814.117307,1,72.477844
16.819317,1,72.59933
15.706592,1,72.706652
79.543032,1,72.808371
14.264094,1,72.907649
8.195807,1,73.039534
8.105062,1,73.145859
8.996942,1,73.253474
23.594198,1,73.354594
12.506383,1,73.477612
8.326698,1,73.595866
22.611854,1,73.706445
22.581972,1,73.814373
46.378689,1,73.922828
14.347465,1,74.033014
7.188297,1,74.153863
7.584234,1,74.242031
26.990659,1,74.344054
25.376354,1,74.435295
15.438748,1,74.537932
8.888004,1,74.647929
10.727012,1,74.762538
10.90659,1,74.866812
25.722728,1,74.975219
36.747532,1,75.085424
9.635981,1,75.202717
32.654537,1,75.299677
10.230194,1,75.402779
16.575492,1,75.501364
7.370036,1,75.620516
10.56718,1,75.72632
12.83442,1,75.814907
26.668014,1,75.937935
24.554975,1,76.054087
13.945318,1,76.162843
15.657165,1,76.267326
7.803404,1,76.385775
12.537976,1,76.498458
15.934948,1,76.607456
8.783377,1,76.732655
67.818694,1,76.840382
15.145442,1,76.955994
43.641167,1,77.069689
6.549042,1,77.173994
16.110194,1,77.287781
6.623484,1,77.400554
9.60733,1,77.504647
34.950967,1,77.603559
10.754334,1,77.717494
23.05991,1,77.838117
10.751281,1,77.949343
35.252926,1,78.060067
54.309719,1,78.170397
27.950696,1,78.281579
16.896608,1,78.38864
23.797452,1,78.498685
10.750629,1,78.603863
9.310777,1,78.702484
18.170916,1,78.810148
7.166283,1,78.915665
16.364414,1,79.025323
12.986961,1,79.127061
7.362914,1,79.249536
55.081923,1,79.35349
40.350606,1,79.454402
11.375896,1,79.561103
17.784586,1,79.660897
8.033842,1,79.779773
12.46525,1,79.884801
41.303672,1,80.001914
7.91683,1,80.118965
74.613923,1,80.230136
8.267659,1,80.341568
41.821262,1,80.453078
17.39436,1,80.554851
17.948181,1,80.660884
67.981954,1,80.770875
12.175496,1,80.879678
17.143272,1,81.009145
57.879409,1,81.124254
17.454006,1,81.230292
33.089951,1,81.352935
11.053228,1,81.456884
16.5827,1,81.561361
14.366704,1,81.672395
86.435079,1,81.786073
20.253542,1,81.895958
13.117732,1,81.995876
12.243493,1,82.114037
15.199697,1,82.220296
16.15483,1,82.343364
25.966589,1,82.443949
71.209267,1,82.561612
14.188665,1,82.671277
11.36948,1,82.795345
7.724378,1,82.897274
20.332947,1,83.018611
10.116645,1,83.132202
32.086098,1,83.262688
15.745426,1,83.375417
32.289443,1,83.482443
76.291373,1,83.594737
23.467301,1,83.70585
9.17182,1,83.839823
11.621026,1,83.956186
44.764506,1,84.060229
166.82348,1,84.167751
18.60091,1,84.27514
64.396825,1,84.391737
34.199084,1,84.500147
38.124511,1,84.622712
72.72686,1,84.741938
27.839377,1,84.863979
21.013661,1,84.982924
11.401188,1,85.099324
10.336867,1,85.22913
14.881325,1,85.350693
28.053761,1,85.462004
11.871057,1,85.579017
16.764033,1,85.705222
38.249664,1,85.812506
45.46541,1,85.928311
27.635302,1,86.01936
18.844675,1,86.126179
10.904522,1,86.244877
34.920698,1,86.353379
10.919715,1,86.454062
16.709391,1,86.560816
19.554086,1,86.67005
14.263811,1,86.79681
17.537709,1,86.901963
32.671884,1,87.019269
25.120901,1,87.126158
20.682759,1,87.247449
14.749752,1,87.362698
21.512256,1,87.457702
14.55097,1,87.566136
38.50727,1,87.669056
8.338718,1,87.776789
25.593312,1,87.874634
9.635887,1,87.995695
29.636592,1,88.113279
21.698197,1,88.22842
7.922993,1,88.348323
10.189584,1,88.448269
34.066785,1,88.557199
23.563158,1,88.674487
12.713279,1,88.779815
23.009076,1,88.894704
6.77596,1,89.003135
35.993084,1,89.111252
9.414797,1,89.198087
29.042886,1,89.31225
19.509223,1,89.417288
19.275553,1,89.513255
44.488976,1,89.61083
11.42207,1,89.713283
17.209285,1,89.832397
17.656766,1,89.939399
28.490799,1,90.051589
37.648066,1,90.167027
22.565419,1,90.268799
8.065653,1,90.360962
71.956712,1,90.470415
8.250447,1,90.597198
12.897859,1,90.707309
36.160663,1,90.80907
43.916198,1,90.918366
29.167264,1,91.013478
12.17263,1,91.129286
7.964687,1,91.237972
18.244183,1,91.339668
16.834486,1,91.446832
13.731384,1,91.554356
88.848514,1,91.653589
9.822169,1,91.766271
54.485128,1,91.870194
13.813907,1,91.980619
14.695385,1,92.326927
33.29756,1,92.445478
42.513234,1,92.56335
7.260293,1,92.674559
23.773559,1,92.775544
378.59861,1,92.879256
14.97914,1,92.995485
28.682928,1,93.112793
24.038982,1,93.212003
8.928129,1,93.332011
8.75668,1,93.429555
6.352038,1,93.550545
22.043772,1,93.652829
9.640787,1,93.761302
6.052188,1,93.878627
17.848193,1,93.996986
13.01526,1,94.119859
13.119722,1,94.226459
78.502655,1,94.350156
17.985497,1,94.457437
30.715162,1,94.583975
31.547706,1,94.707632
48.532527,1,94.817597
36.93399,1,94.93429
11.763472,1,95.034123
22.593685,1,95.150367
10.292563,1,95.265785
10.590126,1,95.376332
11.446668,1,95.488378
31.70953,1,95.59268
49.268303,1,95.695717
11.760981,1,95.803812
20.348281,1,95.927049
26.805098,1,96.023638
25.586774,1,96.131222
14.434537,1,96.241897
45.602751,1,96.34892
13.876054,1,96.450787
11.156967,1,96.558996
45.959982,1,96.671798
12.300903,1,96.771131
21.115717,1,96.88444
21.054522,1,97.003937
17.105354,1,97.114073
143.011466,1,97.223047
12.377146,1,97.327461
26.113107,1,97.43011
48.102458,1,97.534442
73.27566,1,97.631841
23.902977,1,97.745956
83.011035,1,97.868282
17.153277,1,97.992748
11.15609,1,98.107011
19.850644,1,98.203772
7.499357,1,98.351351
8.748973,1,98.461815
13.47871,1,98.571444
66.861047,1,98.673864
8.953288,1,98.789909
35.338614,1,98.90828
14.617868,1,99.012854
7.416525,1,99.128799
40.317501,1,99.226276
9.546939,1,99.338156
85.585764,1,99.453504
9.775134,1,99.569488
11.074281,1,99.675878
12.315975,1,99.793276
21.979208,1,99.900218
30.389108,1,100.002012
21.766452,1,100.108361
8.199597,1,100.222401
8.294334,1,100.34496
18.112035,1,100.460237
9.502414,1,100.57095
23.998687,1,100.675398
7.664743,1,100.812304
17.156448,1,100.917376
65.920404,1,101.024639
14.607836,1,101.148194
15.343444,1,101.270171
13.278307,1,101.400202
57.79995,1,101.513563
75.049044,1,101.635668
12.430581,1,101.748621
7.573582,1,101.863633
56.90173,1,101.970154
18.888628,1,102.08088
7.426072,1,102.186235
18.661854,1,102.281548
33.975703,1,102.405122
102.515966,1,102.523247
13.473379,1,102.642148
36.818485,1,102.744779
41.683845,1,102.831074
16.520685,1,102.927579
13.544558,1,103.040004
15.903898,1,103.139442
10.725546,1,103.243649
81.618878,1,103.341202
14.955608,1,103.430489
9.108209,1,103.558311
30.630448,1,103.665769
36.342239,1,103.79096
45.021849,1,103.898509
8.792184,1,104.001247
9.418494,1,104.103034
12.898109,1,104.210096
36.613863,1,104.318972
19.645126,1,104.426404
13.025822,1,104.55112
35.434584,1,104.648173
29.666395,1,104.753664
66.964158,1,104.856472
10.787452,1,104.968053
19.156461,1,105.102762
17.837346,1,105.228989
18.811586,1,105.321606
34.912559,1,105.43124
12.650435,1,105.532054
25.562552,1,105.64347
10.800735,1,105.747569
12.831593,1,105.840732
17.493894,1,105.948524
39.335924,1,106.050255
14.148642,1,106.172418
34.59188,1,106.263032
16.853763,1,106.384766
10.31552,1,106.490036
34.616356,1,106.597725
7.725443,1,106.705661
11.289061,1,106.80889
38.046348,1,106.923506
10.141236,1,107.029287
17.512548,1,107.145724
7.672737,1,107.239135
13.637491,1,107.331147
33.379202,1,107.433464
27.051966,1,107.535457
15.69057,1,107.634784
9.609528,1,107.738295
9.004289,1,107.856747
20.768151,1,107.966223
20.456199,1,108.061037
6.809363,1,108.1953
22.270188,1,108.301346
10.467656,1,108.415211
71.957304,1,108.529406
12.818458,1,108.641477
127.801528,1,108.755753
13.468989,1,108.870431
22.911542,1,108.968157
10.830666,1,109.066527
9.973107,1,109.184613
65.666651,1,109.299704
14.351329,1,109.403699
19.885307,1,109.502873
13.948507,1,109.612878
14.018276,1,109.70751
65.553776,1,109.806215
15.799628,1,109.906982
267.026725,1,110.021635
9.398615,1,110.14162
49.381287,1,110.265629
23.394689,1,110.373228
6.219433,1,110.500836
56.080611,1,110.600388
55.673154,1,110.706939
12.742398,1,110.810656
7.111252,1,110.921338
11.217495,1,111.0267
36.06682,1,111.141658
11.519933,1,111.242402
26.657456,1,111.348347
11.146723,1,111.460215
23.4054,1,111.568268
8.885499,1,111.685913
13.725163,1,111.78969
13.482153,1,111.904328
22.34448,1,112.046822
10.194932,1,112.166195
32.487589,1,112.271028
15.076483,1,112.388362
28.547935,1,112.508529
26.84155,1,112.603402
7.969305,1,112.718503
15.012636,1,112.827084
8.980521,1,112.935331
18.337822,1,113.046505
61.548135,1,113.162261
22.079395,1,113.270529
25.583412,1,113.368864
31.008013,1,113.474907
39.682925,1,113.584137
56.173129,1,113.695129
15.70845,1,113.814304
17.702472,1,113.940577
8.779732,1,114.04326
17.502214,1,114.157074
21.426478,1,114.262894
32.36099,1,114.383127
14.672297,1,114.491023
8.172602,1,114.597935
76.976514,1,114.705433
65.745374,1,114.82423
11.245829,1,114.948981
32.047306,1,115.069653
24.335678,1,115.19372
6.399048,1,115.307729
20.514022,1,115.421702
8.493467,1,115.532267
11.668906,1,115.637566
15.199036,1,115.735169
45.405646,1,115.844489
16.960584,1,115.958898
17.213389,1,116.093803
12.289333,1,116.209871
11.556298,1,116.32605
10.060904,1,116.421788
10.74999,1,116.523267
10.129362,1,116.626408
18.85091,1,116.74412
53.575149,1,116.848828
8.984372,1,116.969499
18.59544,1,117.068149
20.250121,1,117.189521
11.822271,1,117.287273
21.404336,1,117.395042
9.782909,1,117.501672
19.201079,1,117.608337
30.137224,1,117.712709
41.29917,1,117.833571
8.601983,1,117.945537
72.146348,1,118.076709
12.7807,1,118.206605
25.852454,1,118.319668
9.667283,1,118.433306
30.750388,1,118.543903
32.716629,1,118.655627
12.597552,1,118.77123
37.005485,1,118.893385
13.038504,1,119.018632
10.690725,1,119.130788
33.116381,1,119.245886
8.711365,1,119.352125
7.737634,1,119.457616
44.568445,1,119.576625
33.149854,1,119.697156
28.660015,1,119.808778
11.996892,1,119.937282
26.713962,1,120.050308
13.343967,1,120.179122
12.287938,1,120.303673
16.800399,1,120.417267
15.208793,1,120.529985
17.658184,1,120.650142
21.262325,1,120.793744
7.007325,1,120.963281
11.032717,1,121.105414
23.729031,1,121.208501
13.694849,1,121.31997
22.389816,1,121.42297
6.894605,1,121.540798
13.617866,1,121.642859
20.935607,1,121.77368
33.138443,1,121.888941
16.056381,1,122.024133
8.19249,1,122.137221
11.163147,1,122.247826
9.136242,1,122.375265
10.093782,1,122.490614
31.648867,1,122.612827
13.724676,1,122.747635
21.668109,1,122.871774
21.955244,1,122.988869
19.977855,1,123.10954
12.585168,1,123.224116
6.6357,1,123.369047
12.851089,1,123.468085
17.364011,1,123.587497
15.418026,1,123.708114
9.437915,1,123.822949
11.892775,1,123.943525
14.598559,1,124.032297
61.575131,1,124.132383
14.206057,1,124.254207
7.746264,1,124.359853
46.13913,1,124.467546
30.908439,1,124.581948
10.340989,1,124.699412
11.21985,1,124.818118
16.612417,1,124.941185
23.578695,1,125.055191
29.285898,1,125.225992
26.132419,1,125.337666
49.72988,1,125.442348
20.059852,1,125.545008
11.326008,1,125.669881
11.604278,1,125.806738
22.29277,1,125.923116
46.237356,1,126.035776
25.344026,1,126.155792
25.41702,1,126.269331
15.54425,1,126.391182
9.788543,1,126.507621
17.726096,1,126.633336
35.193048,1,126.737071
15.739774,1,126.840295
6.131622,1,126.956171
10.247429,1,127.05587
60.998915,1,127.193633
14.846176,1,127.325132
7.96878,1,127.426684
95.511207,1,127.541791
14.024261,1,127.6503
36.848381,1,127.766579
39.681099,1,127.867404
13.996182,1,127.981336
8.223015,1,128.087662
14.342816,1,128.195167
7.829837,1,128.300512
10.506776,1,128.412987
8.155893,1,128.514596
13.955088,1,128.63223
8.144702,1,128.737927
17.136946,1,128.831254
21.841466,1,128.932517
9.663132,1,129.030202
9.294094,1,129.142877
10.707003,1,129.246596
9.049919,1,129.360335
11.790722,1,129.46232
10.223994,1,129.562921
12.544278,1,129.66641
17.08864,1,129.753898
16.761037,1,129.857455
13.098332,1,129.96007
10.765596,1,130.055105
32.527898,1,130.160581
12.922434,1,130.257442
8.871778,1,130.346738
14.38675,1,130.447054
17.12066,1,130.569855
50.895703,1,130.675419
56.23764,1,130.789575
12.551546,1,130.914732
53.275585,1,131.020136
51.856098,1,131.131088
10.65668,1,131.235237
20.354963,1,131.346741
8.004547,1,131.459702
15.743265,1,131.564062
31.415626,1,131.674281
15.508675,1,131.784151
26.117732,1,131.888036
32.117956,1,132.056951
33.07166,1,132.167094
39.206933,1,132.260405
11.5249,1,132.386722
8.287593,1,132.483375
12.02622,1,132.585192
11.780418,1,132.696068
11.253598,1,132.806366
7.873533,1,132.939082
8.835293,1,133.040212
11.061158,1,133.157893
18.575906,1,133.269945
108.256162,1,133.394271
20.831866,1,133.516248
6.014635,1,133.63204
67.779232,1,133.749865
9.637297,1,133.845678
6.747492,1,133.951712
133.979459,1,134.070458
12.367479,1,134.185456
18.656637,1,134.299453
23.661334,1,134.406443
38.797771,1,134.520069
19.820101,1,134.619002
13.308852,1,134.713583
13.889637,1,134.823833
61.045916,1,134.92804
13.665668,1,135.021414
6.977342,1,135.132082
16.26748,1,135.230826
15.552786,1,135.346866
19.813012,1,135.458612
11.994239,1,135.572281
19.443303,1,135.686405
27.167712,1,135.792536
46.67173,1,135.900582
7.279332,1,136.005437
116.666575,1,136.107121
8.899127,1,136.216229
34.473669,1,136.326859
8.178253,1,136.434086
19.089851,1,136.538888
15.526599,1,136.654661
15.962823,1,136.767364
23.845582,1,136.893166
23.324019,1,137.008281
26.244146,1,137.130777
9.15817,1,137.247512
15.428669,1,137.367505
11.51523,1,137.466515
65.955755,1,137.598538
11.22388,1,137.704115
18.019251,1,137.811837
34.126091,1,137.915686
19.8542,1,138.027765
19.848122,1,138.134973
53.485697,1,138.25471
29.020915,1,138.360803
7.278066,1,138.471893
11.063148,1,138.589029
23.070728,1,138.709105
17.796563,1,138.823165
16.076426,1,138.938282
12.287524,1,139.075784
18.103819,1,139.1983
6.812919,1,139.324979
12.914195,1,139.44017
66.220605,1,139.567266
14.458506,1,139.709674
74.529257,1,139.824203
12.910132,1,139.932329
38.10959,1,140.052009
35.770516,1,140.172486
17.66513,1,140.313006
18.155495,1,140.42074
15.279763,1,140.540362
7.798106,1,140.662773
12.150155,1,140.775518
9.922863,1,140.896044
8.256401,1,141.03098
72.192679,1,141.162759
18.166384,1,141.296272
24.210529,1,141.425861
46.795805,1,141.548336
101.451137,1,141.673133
35.937025,1,141.797915
16.013185,1,141.912083
8.964532,1,142.024096
12.578567,1,142.158418
53.646705,1,142.269928
12.950069,1,142.405777
23.343376,1,142.528097
64.989457,1,142.647586
12.787009,1,142.761325
19.496683,1,142.867365
14.252762,1,142.988026
39.433035,1,143.108072
11.099332,1,143.234589
33.416434,1,143.349209
58.348794,1,143.481189
19.350093,1,143.598063
191.424703,1,143.721699
18.899801,1,143.83379
9.30938,1,143.967436
19.547114,1,144.134527
45.439126,1,144.247274
27.767206,1,144.366214
24.650948,1,144.464922
33.385876,1,144.57301
59.166613,1,144.690794
11.519427,1,144.805737
8.372643,1,144.899856
12.525934,1,144.994298
35.478403,1,145.09981
14.998485,1,145.227128
18.7665,1,145.350799
85.488404,1,145.471364
9.589337,1,145.584865
19.476517,1,145.67937
18.042875,1,145.795572
7.197838,1,145.90186
10.249474,1,145.999076
63.255028,1,146.097821
91.351367,1,146.202048
38.393615,1,146.310817
8.178654,1,146.413003
9.438769,1,146.522056
11.511037,1,146.605072
17.877534,1,146.708698
135.768948,1,146.80267
9.219057,1,146.91082
26.313741,1,147.011117
18.922793,1,147.122795
27.175973,1,147.248292
14.914526,1,147.366265
30.743952,1,147.508046
14.281472,1,147.613141
17.956654,1,147.721581
11.35719,1,147.840278
11.284341,1,147.965336
25.450275,1,148.082523
24.655997,1,148.218189
8.850849,1,148.341955
17.088583,1,148.459715
10.179112,1,148.568262
7.821189,1,148.684745
13.687541,1,148.802244
9.211838,1,148.941541
15.271356,1,149.060572
25.364556,1,149.183352
8.989366,1,149.288953
27.265838,1,149.397813
15.969995,1,149.5047
24.07237,1,149.620995
19.094554,1,149.739074
9.823356,1,149.850238
14.789662,1,149.979314
25.561146,1,150.091971
8.31138,1,150.203437
14.737331,1,150.314359
46.499378,1,150.422568
10.472374,1,150.532565
9.316686,1,150.647198
7.298842,1,150.758078
16.858489,1,150.85997
15.744175,1,150.996158
40.453686,1,151.110268
28.816214,1,151.221694
21.363829,1,151.332903
8.212532,1,151.443448
7.703416,1,151.555393
29.936868,1,151.6693
8.519606,1,151.785356
36.052372,1,151.89225
9.630415,1,152.053907
21.992503,1,152.177737
17.223439,1,152.296623
12.572148,1,152.406057
23.985531,1,152.553767
28.609183,1,152.670335
6.331228,1,152.80241
7.371614,1,152.927935
42.183824,1,153.04373
16.197835,1,153.174343
26.169823,1,153.312119
10.829754,1,153.412482
8.827847,1,153.549744
43.132404,1,153.735751
19.671008,1,153.852609
18.452093,1,153.957954
12.574875,1,154.088322
12.405057,1,154.204459
110.981533,1,154.334075
34.275904,1,154.452894
16.031221,1,154.578545
74.453219,1,154.707605
14.264401,1,154.888127
35.831987,1,155.008047
7.91787,1,155.135512
10.559841,1,155.256798
59.864419,1,155.358731
19.137881,1,155.454167
10.942376,1,155.559082
8.238537,1,155.667415
13.236655,1,155.792749
23.429439,1,155.887277
20.00908,1,155.992891
11.744639,1,156.128226
12.024438,1,156.254928
19.826051,1,156.364396
36.697972,1,156.459705
10.89076,1,156.57441
9.76302,1,156.699257
22.849355,1,156.812086
30.419666,1,156.909829
30.934323,1,157.021086
31.716944,1,157.134397
10.731481,1,157.229984
30.970147,1,157.327703
8.896874,1,157.416123
33.284298,1,157.520093
9.174034,1,157.668553
62.315332,1,157.812932
47.078891,1,157.913764
10.733119,1,158.017388
61.359506,1,158.13202
86.753537,1,158.269393
8.358532,1,158.373981
9.002928,1,158.473331
78.377064,1,158.575756
5.873685,1,158.684066
46.345813,1,158.798374
105.744142,1,158.90893
9.892821,1,159.006955
12.484225,1,159.109273
18.708808,1,159.204944
11.079942,1,159.312804
11.162524,1,159.446677
42.168472,1,159.576328
9.659778,1,159.714439
85.634059,1,159.853804
8.377789,1,159.976193
27.5221,1,160.090216
54.956094,1,160.21629
15.199661,1,160.348067
9.195434,1,160.4664
7.003281,1,160.590626
6.767332,1,160.74332
25.745212,1,160.879644
22.705575,1,161.012966
16.040705,1,161.139702
34.195449,1,161.256817
52.971684,1,161.386863
16.30107,1,161.500691
47.804241,1,161.627365
13.614446,1,161.740028
8.088779,1,161.859792
25.121186,1,161.991098
25.670547,1,162.097504
13.318067,1,162.213635
8.703906,1,162.347192
12.597696,1,162.455098
13.201878,1,162.597288
7.69437,1,162.708046
22.541666,1,162.84281
26.553735,1,162.97106
13.183194,1,163.093004
10.292649,1,163.216796
24.825405,1,163.331041
17.770744,1,163.448781
42.560424,1,163.574399
120.47488,1,163.702312
26.602934,1,163.809091
33.169625,1,163.932348
39.779193,1,164.045575
22.040981,1,164.161931
76.595347,1,164.301983
9.369626,1,164.423752
9.759379,1,164.575923
20.194743,1,164.707507
10.223892,1,164.821263
8.776047,1,164.944509
12.008031,1,165.063024
18.815414,1,165.169476
12.832931,1,165.274697
18.640218,1,165.39902
49.988681,1,165.51465
31.713089,1,165.626809
15.730341,1,165.764047
114.920277,1,165.871548
8.485108,1,165.974644
65.95962,1,166.077692
23.943341,1,166.526905
10.32792,1,167.429267
16.845317,1,168.210938
12.249674,1,169.067253
26.967217,1,169.990129
27.737237,1,170.804407
11.205149,1,171.756341
10.862528,1,172.597831
11.39324,1,173.476769
13.241024,1,174.522092
14.021802,1,175.302486
9.80112,1,176.092552
25.504832,1,176.817436
14.37651,1,177.617814
30.068851,1,178.668431
6.620004,1,179.577825
40.094703,1,180.436454
11.088395,1,181.641128
101.237999,1,182.615657
33.304028,1,183.47071
114.327357,1,184.407935
10.005837,1,185.384658
8.512425,1,186.327061
7.517983,1,187.171791
11.126209,1,188.02362
7.466942,1,189.015632
34.175372,1,189.756159
10.326747,1,190.501588
19.041202,1,191.566432
15.234091,1,192.658172
17.728591,1,194.255582
8.498711,1,195.17085
51.528927,1,196.153205
21.489245,1,196.988637
8.856187,1,197.825211
51.145555,1,198.789104
19.976703,1,199.751279
8.39189,1,200.771695
17.933162,1,201.916842
8.251764,1,202.865757
10.726537,1,203.895289
22.35909,1,204.827837
13.755082,1,205.776626
83.504789,1,206.850244
47.981195,1,207.846087
72.881883,1,209.007153
13.199413,1,210.221429
8.745509,1,211.707094
7.929334,1,212.639216
12.667205,1,213.891771
15.538005,1,214.891985
20.732073,1,215.862451
16.879575,1,216.873973
15.712972,1,219.162988
25.754514,1,220.121617
30.084808,1,221.040065
11.44309,1,222.016785
12.461671,1,222.952109
13.513779,1,223.866645
24.265537,1,224.869682
35.300402,1,225.742074
43.208195,1,226.621225
10.091077,1,227.574684
14.7253,1,228.582973
11.823335,1,229.981676
29.732158,1,231.031207
10.84261,1,232.188906
22.268554,1,233.130016
25.41073,1,233.804902
39.058175,1,233.899077
22.595993,1,233.994509
12.460977,1,234.086834
20.165494,1,234.167382
17.382742,1,234.253494
7.556426,1,234.34019
23.29243,1,234.419425
9.656974,1,234.508861
40.874288,1,234.603038
49.962215,1,234.689712
20.376507,1,234.789284
18.648891,1,234.912639
12.28764,1,235.004942
12.736829,1,235.108742
15.341235,1,235.206086
31.325176,1,235.311986
37.705454,1,235.389634
29.050474,1,235.490671
49.882939,1,235.595472
47.458665,1,235.69999
19.56911,1,235.814223
25.21663,1,235.916809
7.349423,1,236.036512
17.135045,1,236.129446
8.602444,1,236.218969
8.923561,1,236.311816
13.30985,1,236.401714
10.525214,1,236.485403
53.253662,1,236.58518
26.25771,1,236.666112
38.705118,1,236.772091
67.220754,1,236.875126
22.660939,1,236.969533
28.658075,1,237.061692
23.252005,1,237.153421
14.413653,1,237.244619
67.617827,1,237.32922
9.766159,1,237.408854
42.139879,1,237.499403
30.516515,1,237.589327
47.934619,1,237.676815
15.702742,1,237.76943
41.013335,1,237.860895
31.22216,1,237.96518
7.600895,1,238.058559
7.290621,1,238.146737
49.12902,1,238.227868
15.987704,1,238.321992
18.722811,1,238.401904
13.212242,1,238.498649
11.843243,1,238.592265
30.115,1,238.685551
10.28373,1,238.772226
18.580124,1,238.855636
17.968236,1,238.942255
18.183692,1,239.029475
13.464664,1,239.117546
23.505058,1,239.214587
10.292711,1,239.312123
20.22732,1,239.393739
12.103344,1,239.488791
16.668589,1,239.567693
15.378747,1,239.643601
21.110689,1,239.731622
46.037193,1,239.816404
19.183106,1,239.90715
15.074274,1,240.013712
11.700856,1,240.105277
10.95388,1,240.187102
10.054602,1,240.284411
33.814557,1,240.387417
11.401144,1,240.482409
30.811371,1,240.571252
15.702696,1,240.66765
53.885174,1,240.753991
33.780917,1,240.852829
8.522039,1,240.943702
40.770881,1,241.023582
28.703733,1,241.112574
49.00251,1,241.209985
42.071272,1,241.300881
50.549334,1,241.393559
9.21546,1,241.472163
15.154268,1,241.571929
18.618129,1,241.663512
10.642033,1,241.769759
8.304333,1,241.869793
9.645008,1,241.971324
23.573296,1,242.07195
9.840112,1,242.171996
77.660556,1,242.284441
19.312434,1,242.377432
12.037623,1,242.471048
79.949465,1,242.554704
23.889979,1,242.65178
30.498436,1,242.737777
13.006891,1,242.830934
12.45236,1,242.927572
19.243711,1,243.023011
12.889564,1,243.111723
15.479173,1,243.214828
10.550012,1,243.405478
11.256839,1,243.501544
12.994023,1,243.607726
6.507088,1,243.726092
10.031036,1,243.827244
15.961101,1,243.924137
48.00116,1,244.007478
16.298629,1,244.108669
43.17062,1,244.225566
20.012394,1,244.337248
25.415524,1,244.454701
9.641503,1,244.549983
15.904308,1,244.643921
16.614222,1,244.741779
8.937623,1,244.854095
17.418909,1,244.956676
15.274277,1,245.045367
38.90013,1,245.137846
15.487636,1,245.239739
7.846905,1,245.345297
11.960774,1,245.443349
12.287146,1,245.528794
10.980668,1,245.629336
10.638133,1,245.72869
9.809136,1,245.824323
15.449786,1,245.923005
8.399571,1,246.020972
11.601309,1,246.129831
9.713749,1,246.214697
20.085283,1,246.330618
92.396003,1,246.439772
23.742914,1,246.544851
33.019029,1,246.644064
49.421083,1,246.737653
9.627597,1,246.829923
58.977919,1,246.913346
13.44712,1,247.005551
23.805775,1,247.095038
5.64927,1,247.178551
32.534737,1,247.31252
11.699296,1,247.416616
6.428167,1,247.51252
12.106269,1,247.609653
33.675505,1,247.714432
24.717854,1,247.809821
30.742548,1,247.901532
12.257654,1,248.005085
21.04393,1,248.101655
29.525413,1,248.207384
9.688875,1,248.304237
55.838926,1,248.404899
13.333862,1,248.503331
39.597976,1,248.594446
8.175988,1,248.704159
12.010989,1,248.78775
14.416539,1,248.875697
23.149747,1,248.974934
10.649299,1,249.093375
43.523989,1,249.199827
17.501124,1,249.296432
8.680703,1,249.391187
12.945568,1,249.495802
73.344127,1,249.595439
11.579218,1,249.699044
23.416476,1,249.793409
8.217639,1,249.894817
14.920906,1,250.006492
23.176431,1,250.104134
16.054323,1,250.211572
27.561881,1,250.313447
23.787164,1,250.424758
9.788807,1,250.542824
18.553022,1,250.641612
14.281655,1,250.757353
10.857077,1,250.881086
8.155795,1,250.984265
26.887168,1,251.147373
21.701018,1,251.252306
11.771095,1,251.361009
85.322455,1,251.46519
23.614584,1,251.563164
43.160494,1,251.652771
11.873115,1,251.749772
21.943788,1,251.848082
28.611269,1,251.952652
8.684573,1,252.042617
8.209137,1,252.152155
11.937722,1,252.256033
12.239379,1,252.359647
10.313305,1,252.449591
9.30632,1,252.562632
13.591799,1,252.664293
33.723393,1,252.764687
17.82112,1,252.856282
30.782126,1,253.04535
38.118943,1,253.197763
20.322509,1,253.302764
11.466676,1,253.413757
22.166099,1,253.522692
33.657193,1,253.641586
20.949219,1,253.788998
33.264661,1,253.918898
19.259536,1,254.036001
9.600123,1,254.137962
24.680332,1,254.222859
12.004936,1,254.327723
127.649269,1,254.424897
12.319486,1,254.575261
23.719958,1,254.699584
7.838885,1,254.793679
31.769647,1,254.889822
18.616748,1,254.987679
11.778965,1,255.088852
9.716808,1,255.17328
8.566112,1,255.285703
7.897582,1,255.399251
12.759183,1,255.503254
50.767261,1,255.605098
22.219498,1,255.704283
19.088451,1,255.801116
15.817516,1,255.917055
15.859958,1,256.016806
44.234157,1,256.116954
10.657892,1,256.23772
11.481191,1,256.375197
18.259948,1,256.517005
20.880518,1,256.635115
26.989376,1,256.807498
31.842975,1,256.913453
33.356047,1,257.022261
19.741187,1,257.116875
17.747812,1,257.200035
8.806731,1,257.299861
34.796663,1,257.398045
45.107935,1,257.50576
8.156885,1,257.602406
12.113202,1,257.711016
53.823165,1,257.831187
10.139514,1,257.948404
9.503139,1,258.058049
17.072807,1,258.170631
33.913472,1,258.266852
37.945152,1,258.377728
17.99627,1,258.485182
8.561304,1,258.596495
12.816145,1,258.711159
48.24007,1,258.819663
31.972859,1,258.990151
10.188641,1,259.121999
10.260817,1,259.221437
9.059675,1,259.345107
40.205601,1,259.457893
8.9861,1,259.576566
8.685368,1,259.687982
10.38584,1,259.778426
37.93054,1,259.870799
10.381939,1,259.995691
17.936031,1,260.114342
13.056002,1,260.217146
64.787285,1,260.340036
25.211226,1,260.466545
19.84475,1,260.592717
14.14178,1,260.703319
12.673729,1,260.8102
94.338066,1,260.941518
28.183326,1,261.042099
24.748893,1,261.152745
55.502631,1,261.262086
10.097538,1,261.376714
9.363835,1,261.479529
14.141274,1,261.575471
18.683498,1,261.672395
65.767252,1,261.7754
8.9515,1,261.876742
35.519175,1,262.007254
6.754091,1,262.109477
31.518993,1,262.234193
18.827116,1,262.3452
7.579959,1,262.460764
24.660232,1,262.591105
7.641375,1,262.713989
6.587789,1,262.812496
9.902189,1,262.925484
48.614352,1,263.047445
9.007105,1,263.158902
43.387952,1,263.260169
14.278072,1,263.360104
6.980997,1,263.463772
26.033907,1,263.590068
26.827713,1,263.724498
7.717127,1,263.866779
28.370045,1,264.003264
10.81525,1,264.115823
24.778604,1,264.255363
83.575359,1,264.430289
17.754894,1,264.657952
231.789688,1,264.793341
15.805568,1,264.911989
16.249659,1,265.049533
12.766492,1,265.173173
18.587073,1,265.288935
13.035769,1,265.401443
13.338296,1,265.498111
28.497899,1,265.607553
49.730982,1,265.722963
42.378594,1,265.831841
16.756898,1,265.939506
51.835976,1,266.057917
22.714965,1,266.156074
149.838137,1,266.26195
25.702006,1,266.353337
11.482841,1,266.4629
18.577048,1,266.57173
9.24884,1,266.683126
12.93662,1,266.805068
26.490572,1,266.923719
11.891207,1,267.063673
14.088369,1,267.178178
16.010807,1,267.29771
26.582635,1,267.401479
9.897733,1,267.536576
20.759229,1,267.644151
8.437989,1,267.764507
17.957821,1,267.883217
14.19344,1,267.985441
16.20565,1,268.099585
23.056991,1,268.197635
22.6255,1,268.302251
48.541118,1,268.423604
60.523365,1,268.532036
30.100605,1,268.636398
16.323629,1,268.740778
6.87002,1,268.85695
7.976168,1,268.959426
32.72424,1,269.05035
16.554659,1,269.164485
22.202061,1,269.289315
17.080033,1,269.395792
54.028292,1,269.505706
13.827901,1,269.60322
12.243734,1,269.718778
27.18637,1,269.821154
13.628321,1,269.921901
15.268767,1,270.029641
14.856222,1,270.132907
53.790009,1,270.240025
56.101466,1,270.340561
22.710293,1,270.445646
9.786524,1,270.557296
32.147351,1,270.671077
22.775152,1,270.776929
14.617856,1,270.895934
16.923037,1,270.99839
8.65619,1,271.10037
23.414115,1,271.1912
36.940317,1,271.297086
20.020561,1,271.397902
35.78783,1,271.493784
38.740776,1,271.599717
26.750267,1,271.705349
20.28046,1,271.820792
238.747536,1,271.931728
7.77086,1,272.028199
118.995336,1,272.140188
11.649118,1,272.245856
21.737207,1,272.359826
20.013715,1,272.473078
22.641556,1,272.580087
8.676064,1,272.675938
18.453386,1,272.785943
9.62125,1,272.90159
30.002917,1,273.015383
41.31798,1,273.111921
22.560792,1,273.213203
23.453442,1,273.321204
45.982748,1,273.418427
41.140231,1,273.535256
31.692664,1,273.639158
20.814406,1,273.752367
12.670974,1,273.860789
18.193247,1,273.981814
13.270698,1,274.068187
57.268286,1,274.17659
8.126006,1,274.265116
63.75023,1,274.369739
54.626555,1,274.478455
35.178243,1,274.606639
16.456321,1,274.725292
8.710356,1,274.82716
16.098766,1,274.93113
16.736601,1,275.027103
21.983299,1,275.132495
45.928146,1,275.24282
26.779805,1,275.346719
8.614276,1,275.450256
20.201229,1,275.591431
27.670955,1,275.697576
35.811797,1,275.795442
18.686756,1,275.895884
7.579217,1,276.003083
24.991727,1,276.112021
16.960997,1,276.223101
6.856121,1,276.331717
81.647018,1,276.447398
9.616977,1,276.549643
49.148342,1,276.648865
9.325698,1,276.744071
10.512777,1,276.83677
8.84436,1,276.942463
19.325212,1,277.067206
22.503692,1,277.1686
21.789852,1,277.284204
9.228405,1,277.400122
91.178003,1,277.503221
6.905715,1,277.602732
8.293389,1,277.700843
10.586895,1,277.810723
15.587675,1,277.917089
28.842778,1,278.008645
7.054692,1,278.111381
15.780829,1,278.216555
6.311777,1,278.309298
30.084626,1,278.420384
11.258711,1,278.538649
27.998199,1,278.630912
16.819105,1,278.730418
10.141607,1,278.82509
28.845586,1,278.920123
11.043875,1,279.020832
22.72338,1,279.131991
10.449827,1,279.227259
9.029508,1,279.340241
10.070789,1,279.450708
21.000109,1,279.556977
39.978667,1,279.679648
89.434226,1,279.789995
9.061823,1,279.901238
29.293075,1,280.021936
57.279452,1,280.125829
11.661173,1,280.224487
19.651707,1,280.342534
21.82491,1,280.458351
11.988123,1,280.568073
6.210811,1,280.676011
13.699704,1,280.79096
18.725658,1,280.901202
8.264658,1,281.00028
22.828971,1,281.120444
8.262798,1,281.238182
22.641346,1,281.354064
12.395308,1,281.441417
31.094073,1,281.54484
49.622704,1,281.651601
19.176966,1,281.766024
11.359205,1,281.888565
12.327593,1,282.009243
30.524138,1,282.109836
19.225629,1,282.208033
38.414991,1,282.302308
22.376141,1,282.41929
43.008019,1,282.541194
11.584356,1,282.651388
39.723301,1,282.760189
10.753395,1,282.868805
48.828791,1,282.981907
26.745404,1,283.092002
19.531849,1,283.211309
16.237778,1,283.335615
45.735708,1,283.445191
46.226195,1,283.562018
9.541879,1,283.657938
39.085326,1,283.762637
18.288006,1,283.869373
14.700455,1,283.980428
41.042881,1,284.084091
43.658457,1,284.183204
54.293246,1,284.287286
18.597259,1,284.393
19.441774,1,284.506533
30.409921,1,284.611162
8.591536,1,284.702803
7.695632,1,284.802533
19.177026,1,284.907984
29.440649,1,285.011324
14.665384,1,285.113131
13.415092,1,285.229488
18.692755,1,285.339359
28.258961,1,285.43037
9.205007,1,285.536386
11.00694,1,285.651992
8.351685,1,285.736856
31.372908,1,285.837456
18.516595,1,285.942215
61.484051,1,286.030957
15.288837,1,286.153179
15.20072,1,286.266433
13.512591,1,286.3615
17.236651,1,286.458113
25.636614,1,286.561598
81.008534,1,286.666738
113.341954,1,286.770642
30.384529,1,286.857322
11.863126,1,286.958329
15.566456,1,287.064782
8.241687,1,287.186383
12.173292,1,287.28636
6.561367,1,287.42068
16.171407,1,287.523566
13.182075,1,287.631095
10.506852,1,287.730191
9.582177,1,287.826617
13.598532,1,287.931013
12.710485,1,288.055848
15.912256,1,288.18478
64.888272,1,288.290959
50.441683,1,288.39679
9.786866,1,288.516242
28.10039,1,288.616071
866.097197,1,288.710361
13.212441,1,288.809181
18.581858,1,288.91698
14.620516,1,289.035674
37.94365,1,289.143447
11.400832,1,289.235605
25.174903,1,289.35727
9.488959,1,289.462168
17.523495,1,289.563647
18.704449,1,289.67841
15.772439,1,289.796688
36.3742,1,289.894351
24.04914,1,290.003613
12.405599,1,290.10503
33.467375,1,290.219292
11.088418,1,290.329291
37.25288,1,290.43186
11.397267,1,290.526913
9.072242,1,290.637525
8.092873,1,290.730728
25.690632,1,290.817835
13.431337,1,290.918282
5.873291,1,291.028038
12.393117,1,291.139319
76.685972,1,291.226282
12.502496,1,291.328464
25.036913,1,291.445105
83.393792,1,291.563982
39.752868,1,291.66111
7.518342,1,291.756067
38.059259,1,291.856286
31.34272,1,291.969022
115.560078,1,292.062659
19.491896,1,292.171117
19.352779,1,292.284689
21.233166,1,292.391504
22.748148,1,292.509908
25.077203,1,292.613038
26.110409,1,292.707405
12.148048,1,292.794546
10.884821,1,292.914157
16.903399,1,293.03134
12.383863,1,293.131351
11.046633,1,293.249168
99.860663,1,293.348004
15.272847,1,293.469805
17.995709,1,293.576336
16.234161,1,293.707044
27.828326,1,293.81962
30.178865,1,293.952321
15.509025,1,294.067173
23.024967,1,294.189416
12.758497,1,294.289992
7.118654,1,294.398562
10.530936,1,294.510939
76.11893,1,294.597161
15.809589,1,294.714633
10.351095,1,294.829453
19.850415,1,294.952689
14.687821,1,295.068248
18.436319,1,295.187164
29.060846,1,295.295205
25.241125,1,295.413051
9.238906,1,295.537204
20.907635,1,295.646639
25.35013,1,295.749396
12.023772,1,295.871969
8.857748,1,295.99664
9.578511,1,296.118867
29.961839,1,296.240029
10.791941,1,296.363342
11.310981,1,296.478251
52.632501,1,296.58919
21.188365,1,296.720011
15.853747,1,296.852209
13.719448,1,296.96855
10.765726,1,297.095375
11.42194,1,297.223458
11.166042,1,297.349707
16.86751,1,297.474435
25.734688,1,297.594891
7.259791,1,297.704956
32.503842,1,297.810869
11.646965,1,297.914524
21.087442,1,298.026203
26.078856,1,298.134665
11.628206,1,298.243981
23.714147,1,298.352509
15.418653,1,298.45515
22.397475,1,298.556787
52.364822,1,298.663652
19.650529,1,298.772249
60.582128,1,298.8791
13.706835,1,298.989651
23.853415,1,299.095102
11.096336,1,299.207676
262.040299,1,299.303344
55.766239,1,299.423847
19.038722,1,299.525312
15.502366,1,299.633889
26.06757,1,299.747968
77.472362,1,299.84337
8.657983,1,299.958317
46.877039,1,300.051154
8.174171,1,300.172051
10.693987,1,300.268027
11.225313,1,300.37037
20.571697,1,300.484592
6.246344,1,300.592216
9.370557,1,300.719176
14.335237,1,300.834223
9.281887,1,300.94887
37.165523,1,301.04768
29.712863,1,301.148703
8.354384,1,301.253665
12.696898,1,301.350194
9.856962,1,301.454331
11.508176,1,301.555538
12.817469,1,301.674256
47.542336,1,301.804744
21.777912,1,301.921997
12.144933,1,302.083633
8.517977,1,302.290539
10.6446,1,302.413297
45.122998,1,302.533842
171.792227,1,302.633733
11.988264,1,302.762001
11.607366,1,302.911035
16.112196,1,303.024125
22.975689,1,303.137602
27.688312,1,303.242228
22.981992,1,303.341688
8.284142,1,303.456618
15.878844,1,303.628437
11.535193,1,303.762765
